翻滚吧牛宝宝-zyc,苏州,好汉嘉设计是世界上经济,5.0,2019-04-24 04:22:25
vae0815,北京,棒呆，漫威的电影就看IMAX,5.0,2019-04-22 23:43:54
不瘦十斤不换ld,益阳,不多bb！！,5.0,2019-04-19 12:38:35
罗罗,北京,钢铁战衣可以有无数套，钢铁侠只能是Tony一个人！,4.0,2019-04-18 13:14:35
yituosamul,瑞安,剧情更加无聊，把isis加进去是搞笑吗？唯一亮点就是最后的钢铁侠军团。,3.0,2019-03-30 23:50:25
姓梅者,丽水,如梦初醒，不忘初心,5.0,2019-03-11 12:44:47
慕容离苏,庐江县,吹爆妮妮！！！,5.0,2019-03-03 08:50:18
_qq7d51391848320,深圳,纽约之战后的钢铁侠,5.0,2019-02-27 14:29:05
Wtf752332889,赣州,太帅了，最后一幕，看得很爽,4.5,2019-02-09 22:55:30
飘   逸,广元,是2013年呢？还是2019年哦！这个时间不对吧,5.0,2019-02-05 23:56:40
你文,南昌,《钢铁侠3》的电影太好看了！纽约大战一年后的 钢铁侠托尼·史塔克再一次穿上钢铁盔甲和钢铁爱国者罗斯德上校一起保护纽约，保护身边的人。找出了幕后黑手曼达林，清朝未年的反派。保护了自己的女朋友了！还拯救了自己的国家了！打败了恐怖分子头目曼达林和他的病毒了！我喜欢爱国家的钢铁侠。我现在是钢铁侠的粉丝。,5.0,2018-12-26 19:49:16
XjZ400590786,南通,超级喜欢钢铁侠,5.0,2018-12-26 11:38:12
OSc343149715,上海,结尾有点生硬,1.5,2018-12-17 00:46:59
eAS161165674,连江,真的不是很好看,0.5,2018-12-13 03:45:19
穆云深,包头,妮妮超帅！最喜欢钢铁侠了！,5.0,2018-11-18 19:57:00
清平乐cj,上海,第三部与第二部不同之处就在于第三部的历史回顾略显牵强，于是第三部一开始就把之前犯下的罪孽说的很清楚，这也为后面的发展埋下了可确信的伏笔，不过这次钢铁侠代价似乎大了些，整个家都被毁了，不过幸好那些研发的“高科技义肢”大多数都还保留着，这是复仇者联盟第一次集结后发生的故事自然作为本片的思路与之前略有不同，因此也因祸得福，这次主角算是看透了，不仅最后放弃了自己辛勤研发的高科技产品赠送给剧中落难时被救助的小男孩很多高科技产品（包括那块珍贵的限量版手表）而且还彻底把自己身上的弹片取了出来算是彻底与这几年的生活作为一种告别，看来算是对钢铁侠系列画上一个圆满的句话了,4.0,2018-03-23 10:56:10
逗逼男神,上海,无论是富贵还是贫穷，都会有自我认知焦虑和中年危机！对反派的设置如果用叙述性诡计我还能高看一眼，结果就是赤裸裸的诈！骗！啊！！结尾土豪式钢铁战衣烟花是为了估计弥补所有心里受伤的影迷！最想吐槽的就是加入范冰冰来迎合中国观众，实际范冰冰对真正的中国影迷其实没什么吸引力！,3.0,2018-03-16 06:11:12
彩纸friend,重庆,重温了1.2.3，完美，漫威最爱！,5.0,2018-03-16 00:50:40
s1203120163,郑州,没有战衣他依旧是钢铁侠,5.0,2018-03-15 08:50:54
Bryan·M,广州,复联3观影准备： 算是这个系列场面最宏大的了。首次IMAX 3D制版，特效足，打戏给力，N多个钢铁侠一起同屏激不激动？不过我一直不懂为什么主角那么钟情于一个未完成的原型机呢？最后结局真骗人啊。斯坦李客串某种“小姐”比赛的评分人，最后彩蛋揭露斯塔克找班纳治疗焦虑症的搞笑故事。3.5星。,3.5,2018-03-09 02:07:50
OHp148735490,深圳,操为什么没看到范冰冰，不是有范冰冰的吗？,0.5,2018-03-08 22:43:45
喜欢一只有梦想的兔子,上海,钢铁侠系列，好看！！！,5.0,2018-03-07 09:30:59
岩小七selene,上海,失恋后独自看的首映，也是与第二任女友相识的纪念日🤫,5.0,2018-03-04 20:25:43
醉潇,临汾,很喜欢很喜欢,5.0,2018-02-27 19:39:48
Desenlace,信阳,终于是把弹壳取出来了。,5.0,2018-02-07 16:31:36
Pandora,青岛,无话可说了，托尼永远在心中。,5.0,2018-01-07 15:45:22
老猫JACK,上海,漫威系列补习~,4.0,2017-11-18 21:34:33
影迷的自我修养,长沙,最后部分的钢铁侠家族聚会太精彩了，这一部的钢铁侠无论是视觉特效，打斗场面等都超过了前两部，可以说是一次升华，关键是整部电影的内涵以及超级英雄对自己的审视也更上一层楼，种什么因得什么果，恶魔往往是我们自己创造的，三部曲完美收官。,4.0,2017-11-08 07:29:02
笼包龙猫,上海,小罗伯特我爱你一万年！！！！,5.0,2017-11-07 17:07:38
先輩,北京,当年电影院里看的时候就不是很理解反派，这次回顾依旧觉得盖·皮尔斯这个角色莫名其妙。 这一部的中间埋伏铺垫比较多，钢铁侠的一些个人情感心理的变化也能看出小罗伯特唐尼的演技。 最后高潮蛮精彩，前面的铺垫也得到了理想的爆发。,3.5,2017-10-25 19:43:27
瓦晴,杭州,高中瞒着老妈翘晚自习去看的唯一一部电影结尾还是太套路了。,3.0,2017-03-11 00:45:03
JuliaFanl,红河,这部相比于前一部要好看得多，开头燃爆了，直接把斯塔克的别墅炸成渣渣，不过影片圣诞节气息太浓重，感觉这是专门为节日拍摄的，处处在说圣诞节要来了。不出所料，BOSS肯定是托尼得罪的人，谁让他以前那么嚣张呢！  四十二副盔甲大战火烧人，场面震撼。小辣椒也暴力了一把，只是——她的病轻而易举就变好，太容易了。  其中有很多中国元素，看到王学圻和针灸。演员表里有范冰冰，不过在正片中并没有看到，据说只有特供版里才有。,4.0,2017-03-10 13:25:31
话洛,北京,大片里感觉比较棒的,4.0,2017-03-09 21:37:52
巴拉诺娃,义乌,太棒了，好了,4.5,2017-03-08 23:32:02
rKd18683954797,成都,还是好看噶嘛,4.0,2017-02-24 10:52:08
可见影子,哈尔滨,钢铁侠系列小高潮完结篇，只是以后小萝卜头的钢铁侠看一集少一集,4.0,2017-01-30 15:20:00
hjinghuan,成都,很好看，有很强的英雄情节,5.0,2016-12-31 11:31:01
昭昭的老公灬上校灬,北京,也就是这样了,4.0,2016-12-20 00:38:00
Charles,无锡,我也要用战衣放烟花,4.0,2016-12-12 20:11:20
LionelMessi,,超级英雄电影值得拥有,5.0,2016-12-12 09:49:55
聆雨路_520,普宁,漫威的作品我是必须在电影院看的，而且是部部经典部部精彩啊！！！难道美国电影必须插入中国元素才行？王学圻和范冰冰片尾的国内特供，其实删掉更好。虽然有个没必要的镜头但是对于整部电影来说还是十分精彩，富二代钢铁侠再次打败了屌丝变异军团，钢铁战衣出动开始到最后大战结束。钢铁侠还是希望小罗伯特可以一直演下去，毕竟英雄系列还是对我们男生很有诱惑力，很酷！漫威作品强烈推荐！！,5.0,2016-12-03 15:59:37
风向南吹841,深圳,good！我很喜欢看钢铁,5.0,2016-11-28 20:42:50
MslipknotM,崇左,剧情还是可以，还是值得去看。,4.0,2016-11-21 10:58:12
Chimpion,武汉,收官之作好看,4.5,2016-10-23 11:47:10
Dicker.T,成都,大结局的铁甲烟花秀时，仿佛听见了无数玻璃心碎裂的声音,4.5,2016-10-22 20:53:29
步语轩觞,北京,是要完结了吗？42个钢铁侠还蛮酷的。,4.0,2016-06-10 21:47:58
hujiajiu,,穿战衣的画面出神入化，碉堡,5.0,2016-06-08 05:07:56
_qqc3f1437719952,,一句话完美      唐尼我永远爱你,5.0,2016-06-06 18:29:22
Chen.Chong,,统考啦啦啦啦距离8角图天津中医药**无图星座图凸透镜,4.5,2016-06-05 13:36:35
张天师1123,,有钱，有知识，为啥抑郁？,4.0,2016-06-03 00:27:49
MistyLiu,天津,三部已经完结，一直保持着漫威应有的水平，从未让我失望！,5.0,2016-06-02 14:24:47
雨天不嗨森,,可以看，都很不错,4.5,2016-05-29 00:58:31
ycsy316,昆明,整个系列都还不错，每一部都有自己的创意。,4.0,2016-05-26 23:28:46
独行蚁_蚁巢,广州,如果没有小唐尼，这部片子4分都嫌多,2.5,2016-05-16 16:52:16
scal10,北京,只看了这一步所以不好发表什么详细的评论,4.5,2016-05-15 22:47:13
Billy_smooth,上海,我最爱的漫威英雄 永远的男神,5.0,2016-05-14 15:10:53
按时来了,启东,好看好看！就比复联1差一点。,3.5,2016-05-14 11:00:43
碎塔,富阳,只有恐怖分子才能让所有电视台放同一节目？！,3.0,2016-05-11 00:39:10
大鸟,,最完美的钢铁侠,5.0,2016-05-10 22:18:38
微微一笑尚倾城,常州,今天重温钢铁3⃣️。最爱妮妮，想一直看他演下去但私心又有点期望他不要再演下去了，毕竟后面越来越虐😭,5.0,2016-05-09 21:38:24
山鸡,,**的满大人,3.0,2016-04-01 06:49:00
时小缘,,小罗伯特也老了～唉,5.0,2016-03-30 22:47:37
猪猪,,我家老公_(:з」∠)_,5.0,2016-03-26 08:24:16
pixie1215,福州,托尼的性格让我讨厌又喜欢，真烦,4.5,2016-03-26 02:49:16
gezei,福州,钢铁侠演技好,4.5,2016-03-20 19:50:06
Winn,顺德,超级喜欢小罗伯特,5.0,2016-03-18 17:21:21
流小克,重庆,质量鉴于第一部与第二部之间，娱乐性尚可，但还是不习惯太过碎碎念的冷幽默。中国部分也完全可以剪掉，太让人出戏。另，编剧该有多爱唐顿庄园。,3.0,2016-03-18 13:11:59
迷糊羔羊,,第三部比前两部都黑暗，略恐怖啊啊啊。。 剧情上基本没找到逻辑线，感觉一段段的都割裂了，最后也没解释唐尼的焦虑症咋回事，副总统咋回事，大boss咋回事。总之就是剧情前后大分家，唐尼成了出色的教育家，大boss就是个关注度缺失儿童。。。难道漫威的剧情不应该是简单粗暴突出完美打斗场面和英雄主义即可么。。 演员方面主角不说了。那个曼塔林直到看演员表的时候才知道原来是金斯利演的。。真的感觉身高都演短了。。。范冰冰真是亮瞎我，看侧影估摸着是个华裔，一转脸是范爷吓得都蒙了。。那段简直。。。都感觉电影是不是剪错了。。剪入了大陆描写80年代的某电影片段。。。  最爱贾维斯。。话说萌贾维斯真的只有我一个人？。。,3.0,2016-03-15 00:18:37
lihang1986911,,不好看，钢铁侠只有第一部好看，后面拍得什么鬼，看看特效得了,3.0,2016-02-28 10:29:38
CxA660651037,,很有震撼力。,4.5,2016-02-27 08:14:52
王先生,,钢铁侠三部曲之最终章,4.0,2016-02-26 09:57:42
sss2o13,北京,不错，一如既往的,4.0,2016-02-23 11:06:55
慵懒1977,,一贯水准 不错,4.5,2016-02-23 07:18:44
王波先森,湖州,非常期待下一部作品,4.0,2016-02-20 10:14:20
黑眼豆豆hydd,,非常好，值得观看,5.0,2016-02-19 17:45:03
楼闹闹,东阳,情节紧凑，场面不错，盔甲也是酷的**了，但是唯一就是广告敢不敢不那么多。看完就觉得从钢铁侠转到变形金刚去了。,3.5,2016-01-18 13:44:15
mikotoking,含山,前面12都很好看，3有点浮夸，不过还是很好看到，大叔还是那么帅帅哒，大爱~,4.5,2016-01-18 11:56:17
爱你哟,兰州,好看。。。赞赞赞赞赞赞赞，场面很宏观,5.0,2016-01-18 11:06:29
猫爪团外文组导师,沈阳,托尼还是一样的帅气，这次的战斗有些令人畏惧，当然是指那千钧一发之际的力挽狂澜。这次电影中女人的比例明显增加，大概是怕影迷太过寂寞了。电影中的打斗场面这回觉得是花了大心思的，相信大家会对小罗伯特更加期待。,4.0,2016-01-18 09:42:42
久久霸,广州,3是我最不喜欢的，主要是没有超越前两部的情节，后面更是狗血让女主救了男主。。,3.0,2016-01-18 07:56:45
闪电闪电好久不见,廊坊,只看了第一部，第一部阐述了iron的来历，总体来说给人很新鲜的效果，但是第二部只看了一半就没继续看下去了，无剧情始终是硬伤，所以第三部暂时还没有时间看，万一好看呢！,0.0,2016-01-18 03:17:44
qq115700608,湖州,非常不错，是我喜欢看的电影！,5.0,2016-01-18 00:48:14
Arl183137076,贵阳,看了前面的几部和现在的这一部都很好看。,4.0,2016-01-18 00:00:21
kTz733840855,西安,没技能不要紧，花钱,5.0,2016-01-17 20:37:19
yunque370,天津,钢铁侠这系列的电影我很喜欢，但是平心而论这电影不如前作，即使这盔甲样式很多即便特效再棒，但是他人就不如前作，致命的缺点就是他为了吸引国内观众而特意请的那么几个中国明星那一段的插入完全没有意义不说，就连后面拿盔甲当烟花放都不能消摸那一小段中国演员镜头的违和感,2.5,2016-01-17 15:31:56
剥了壳的蛋,昆明,一 二 三集 集集没落下 就是看完就忘记剧情 回想一下好像感觉还不错 这应该就是所谓的商业视觉电影吧,3.5,2016-01-17 15:13:35
你别皱眉,成都,我觉得非常不错！,4.5,2016-01-17 11:02:21
小一雪雪,苏州,漫威里我比较喜欢的一个角色，虽然他超级自大狂妄，可是不坏啊！有缺点的英雄才可爱 不是嘛,4.0,2016-01-17 08:40:25
Mona,十堰,一开始男主的焦虑症真的让人挺担心的 妹子也好坚强👍 结尾霸气满分 经费在燃烧 这烟火 真的太贵了,4.0,2016-01-16 23:40:27
羊羊真懒,南昌,喜欢钢铁侠的率性而为，就是帅的没法挡，我反正是中毒了，不要给我解药。,4.0,2016-01-16 21:11:17
于泽瀚不能再帅了,石家庄,有小罗伯特，必看！,5.0,2016-01-15 10:24:38
风不止,石家庄,钢铁侠是漫威宇宙最有人气的一位，中国元素有点强植入的感觉，特效/场面提高了，但剧情偏弱，是不是所有科幻大片都这样，拍到后来都有点…例如变四和妇联2，美队2还算可以,4.0,2016-01-15 09:03:58
长寿富贵,海城,小罗伯特本人很迷人，满大人是假的，小辣椒变身有点意,4.5,2016-01-15 06:37:18
简单爱,济南,非常不错！大爱唐尼！,5.0,2016-01-14 23:07:34
zhuzhu816,贵阳,好莱坞流水线上的作品以至于每部看后记不清剧情，特效没得说，但能不能让人印象深刻？,4.0,2016-01-14 20:39:03
可惜,福州,好看，情节起伏，就是好像不会再有下一部,0.0,2016-01-14 20:17:01
alexxule,西安,记得看这部片子的时候还带了钢铁侠的面具，现在想来挺二的,4.5,2016-01-14 19:42:31
蓝芷若秋,宁波,看这些电影就是视觉上的震撼和享受，特效做得很好,4.5,2016-01-14 18:16:57
只怕張寳成,无锡,总体不出彩  一般吧,3.5,2016-01-14 13:55:09
卖烧烤的,玉林,超级喜欢这部电影，创新的科技和脑洞大开的想法，漫威的电影就是如此有质量有保证，没看过的朋友一定要看一下这部电影,4.5,2016-01-14 13:44:37
Bucky的豆芽盾,厦门,打怪升级…【打一次怪【mark升级一次😂😂😂pepper最后太666【但是贾尼党还是……站贾尼……,3.5,2016-01-14 13:16:43
傲娇红领巾队长爱霸道钢铁总裁,福州,老漫威，范冰冰乱入，零演技，范冰冰以后真的只记得蹭过几次红毯了，走点心吧越来越烂的演技,3.0,2016-01-14 12:28:08
诚诚,高平,喜爱唐尼，喜爱钢铁侠,5.0,2016-01-14 11:44:46
白胖子,徐州,钢铁侠3很好的承接了复仇者联盟，同时也是漫威电影宇宙第二阶段的开官之作。,0.0,2016-01-14 11:22:30
梁隱形,广州,俾多一分個彩蛋,4.5,2016-01-13 20:48:52
周大壮壮,南京,看矮富帅如何**如何泡妞，成功对单身狗造成一万点物理魔法双重伤害,4.5,2015-12-22 16:08:52
博士,东莞,酷逼了，好看，儿子炒喜欢，期待,5.0,2015-12-22 08:36:39
小格子Lily,上海,钢铁侠是漫威电影的第七部作品，也是是个人比较喜欢的一部电影，犹如他的金刚外衣，坚不可摧，带去希望与救赎，让人看的热血沸腾，也幻想着一起加入这场战争中去轰轰烈烈一把。,4.5,2015-12-21 22:56:44
北东西,,经历了复仇者联盟之后的首部漫威电影，风格明显也变了，人物相较以前开始变向黑暗，也包括后来的几部续集。这一部因为有了钢铁侠的恶梦，所以做了一大堆战衣一起作战，在我看来是非常燃的。,3.5,2015-12-21 15:29:42
红孩儿,北京,钢铁侠，富炫酷😎😎😎，如果剧情发展不出好故事了，我就建议你去美国“帮助”过的地方瞧瞧吧，伊拉克，阿富汗，叙利亚，哪里有太多的后续工作需要你这样的超人去解决😈,4.5,2015-12-21 14:07:20
SuperMan,郑州,又是一部让我从头追随到现在的经典电影，不知道为什么碰到这种电影 就会有一种幸福的感觉。,5.0,2015-12-21 12:27:05
KOo688061537,长沙,看疲了，没新意,3.0,2015-12-21 01:59:28
matrixneo123,南京,好于第二部，作为小罗伯特唐尼可能意义上的最后一部钢铁侠个人电影，结尾那样放烟花也不是完全不能接受，但是本金斯利最终也是个逗逼实在不能忍啊，简直浪费演员,3.0,2015-12-20 22:36:02
惊叹号520,,还可以，还是感觉前两部更帅一点,4.0,2015-12-20 22:17:59
大Cc_,顺德,超级英雄电影的剧情其实都是大同小异，不过系列第三部出现远程操控和钢铁侠兵团，视觉效果和音效绝对赞，但最让我深刻的，估计是那格格不入的谷粒多，还有打酱油的王学圻和范冰冰，其实他们的戏份可以直接删除的。,3.5,2015-12-20 21:05:01
老卢,沈阳,就因为漫威 所以必须看,4.0,2015-12-20 19:55:57
BrY13515002027,,好看，真的很不错,5.0,2015-12-20 19:19:36
南宁吴彦祖,南宁,超喜欢钢铁侠，第二第三部都是去电影院看的。不错哦。,4.5,2015-12-20 18:11:51
小鄧先生,南宁,个人很喜欢钢铁侠。这部电影比之前两部特效更好，不只是机械钢铁的肉搏，更是生物高科技和武器高科技的搏斗，整体剧情还不错，有起有落，带入感较强,4.0,2015-12-20 17:46:09
菲奥娜,邯郸,小罗伯特唐尼出演电影中最喜欢的一个系列，钢铁侠也是漫威超级英雄里比较喜欢的一个，片尾很燃，满天遍地的钢铁侠让人看的极为过瘾。,3.5,2015-12-20 17:13:04
张够花,成都,好看，比妇联好看，哈哈。有趣，最后一群钢铁侠还是爽？,4.0,2015-12-17 14:22:39
MUg565810756,中山,基本米国的科幻大片，我都喜欢看，怎么滴？咬我啊？,4.0,2015-12-17 12:58:58
Gavin,自贡,小罗伯特唐尼，还是一样好看,4.0,2015-12-17 12:37:38
蓝骨和尚,北京,像我这么优秀帅气有钱有势的坏男人才不愿看另一个自己在银幕上**呢。,2.5,2015-12-17 11:18:29
lyj245506073,南通,弟弟要看才陪他去的  其实本人不太喜欢看这种类型的电影 不过这部另外印象还是挺深刻的,5.0,2015-12-17 11:07:44
Summer爱夏天,上海,动作场面是大'情节也很紧凑''但是为什么唐尼变得这么脆弱'boss简直开挂了啊啊啊啊啊,4.0,2015-12-17 10:48:51
武皇帝毛太祖,南京,个人是不怎么喜欢超级钢铁侠电影的，第一部对我来说还有点好奇，出到2   3就已经不想看了。或许DC的风格比较适合我。漫威的妇联也是实在提不起兴趣。钢铁侠3怎么说呢，完全就是看土豪炫富看霸道总裁泡妞，然后**秀一把的节奏，关键还没抓住爽文的爽点，给我一种简单粗糙的感觉。,3.5,2015-12-17 08:21:35
爱吃猫的鱼骨头,深圳,最喜欢威漫的一个人物,4.5,2015-12-16 23:39:54
accompany49,常州,女主角很有气质～   男主角酷酷的   希望还能看见下一部～  但为什么感觉好像是大结局了呢？,5.0,2015-12-16 23:38:38
蔡涛844,苏州,还可以的爆米花电影吧，不过现在也没留下太多的印象了，只记得乒乒打的厉害，爆米花电影，超级英雄的标配,3.5,2015-12-16 21:05:58
瞌睡的牛仔,广州,已经成功成为一部爆米花大片,4.0,2015-12-16 20:57:56
七彩迷你棒棒糖,常州,当之无愧的帅神,5.0,2015-12-16 19:44:03
Ndx878986986,上海,比前面两部有差距啊，可能这就是续集的命运吧。坏人太不科幻了，简直是魔幻派的。,3.5,2015-12-16 19:39:49
伊妍依羽520,聊城,因为像这种动作片情节紧张，看了画面字幕要是快的话就会看不明白，这次又是3D画面没有2D亮，准备网上出高清版再下个原版看看。最后说说观后感，很喜欢他空中救人,3.5,2015-12-16 18:43:51
艾菲,杭州,一直追的，每一部都没放过看,5.0,2015-12-16 18:05:29
撒浪酱,成都,有钱真好，女主还是弱弱的好！,5.0,2015-11-25 20:42:25
virginiaz_84,北京,好看 最喜欢钢铁侠,5.0,2015-11-24 20:13:19
其实很简单,庆阳,妮妮还是那么骚,4.0,2015-11-24 01:41:59
吹吹再喝,苏州,片尾的阖家团圆看的这个过瘾,3.5,2015-11-22 11:10:00
lixhey,上海,一般性的美国大片,3.5,2015-11-22 09:35:51
zhanghao0401,北京,很美国范的科幻片,3.5,2015-11-20 16:43:50
VivianSu2013,建湖,非常完美，下次再去,5.0,2015-11-18 13:44:05
悠悠-莱茵河,北京,超级好看 而且剧情很棒 演员演技也好 唐尼的眼睛超级美 他和女主之间的关系依然让人感动 会在遇到危险时先救女主 真的很棒,4.5,2015-11-18 10:07:26
geminiaruru,,…奇怪的中国元素。好好的片子给毁了。不过掐头去尾。算是钢铁侠的完美结局吧,4.0,2015-11-17 15:42:42
allenleon,惠州,保持了前作的水准,5.0,2015-11-17 07:13:59
好吃你也少吃点,济南,最后那42套钢铁炸得叫一个爽 有钱人的烟花_(:з」∠)_,4.0,2015-11-16 23:52:01
CKJ576174935,,有钱真好。。。,4.0,2015-11-16 10:36:28
雨沫的一天,西安,还可以！基本上合理,3.0,2015-11-16 07:55:57
露水红颜97,泉州,还可以啦。。。。。,2.5,2015-11-14 18:45:23
裤裆凉飕飕,湖州,没错就是，小唐尼的**粉,5.0,2015-11-14 10:37:16
一部电影一次蜕变,,永远的钢铁侠，永远的金钢！,4.5,2015-10-09 11:37:02
海明威武,,这已无需多说！小罗伯特唐尼！,4.5,2015-10-07 18:54:45
扯不尽的流年,,漫威**粉，一如既往的支持！,4.0,2015-10-06 22:35:48
了刚,海口,钢铁侠3还可以，感觉没前面两部那么细微,4.0,2015-10-05 21:44:59
曾同学,,好多钢铁侠呵呵呵,4.5,2015-10-05 14:02:35
红樱桃3680,,好看！精彩！完美！,5.0,2015-10-01 12:56:53
梨花籽,,盔甲太酷了。,4.5,2015-09-29 22:52:44
一只海水淹死的鱼,,钢铁侠与蜘蛛侠是我最爱的漫威作品里的两个角色，一个在于平凡一个在于不同凡响,5.0,2015-09-26 22:18:40
michael88wen,,我喜欢的类型，喜欢,0.0,2015-09-26 17:35:03
烂片特工队长,杭州,最主要一点铁甲太脆了，那么脆的铁甲，一碰就碎，碎的如此彻底，这材料比第一部的原型铠甲还脆。导演换了就是不行,3.0,2015-09-25 23:44:14
ying0826,深圳,必看的，钢铁侠,5.0,2015-09-25 21:05:46
hey.nights,苏州,还可以，挺不错的,3.5,2015-09-24 09:08:08
Angela是好姑娘,成都,我和谁一起看的？,5.0,2015-09-20 18:33:23
BkJ584470257,桐城,值得一看，美国大片为啥比中国的更吸引人呢,4.0,2015-09-16 16:34:16
ScottWang157,重庆,炫酷吊炸天了,4.5,2015-09-16 15:33:10
訆我丶楊尛賽,,科幻迷必看。。么么哒！,4.5,2015-08-20 14:42:26
wy瞎琢磨,,挺好的，但是个人觉得没有钢铁侠2好，但质量还是很好的，值得一看，非常喜欢漫威出品的电影和电视剧，如果罗伯特还能继续演就好了,4.0,2015-08-17 14:30:59
Supermanzy,广州,个人感觉还不错,4.0,2015-08-16 21:46:01
华轩月雪,,不错，很喜欢唐尼,5.0,2015-08-16 01:07:26
不会飞的鱼ii,,不错的电影，很喜欢。,5.0,2015-08-14 20:19:31
蓝罐凉茶,佛山,虽说是俗套的英雄片，但看了妮妮已经值得给八分。,4.0,2015-08-12 11:21:35
extra8822,广州,不错，很值得看,5.0,2015-08-11 09:31:19
TommyWu1993,重庆,这种电影就是看个高科技，下次演什么你都不一定记得起,3.5,2015-08-05 19:02:38
zhaozexiao,广州,美国大片一般都不错,5.0,2015-08-02 09:45:03
longchenger,南宁,超级喜欢，这么多美国英雄比较喜欢的了。,5.0,2015-08-01 16:47:42
Sunshine-R,,一二都看了，所以～,5.0,2015-07-31 19:12:59
开飞机的舒克,,唐尼，拍的不错,4.0,2015-07-30 14:11:47
风翔六界,合肥,还是觉得为什么和小辣椒在一起了呢，好奇怪,4.0,2015-07-30 12:20:15
Thanos喵,莆田,不会就这样没续集，希望还有《新钢铁侠》的系列,5.0,2015-07-30 01:20:37
浪逐,青岛,还算不饿他咯哦哦五天考虑图,3.0,2015-07-28 23:31:02
HULK,芜湖,看完感觉斯塔克是自作自受,5.0,2015-07-05 12:53:56
Reed,,超赞(≧▽≦),5.0,2015-07-04 13:44:44
苗酱,北京,すごい‼️‼️,4.5,2015-07-02 23:39:10
丿逝水丶无痕,寿光,画面震撼，真乃神作，不看后悔！,5.0,2015-07-01 06:53:19
弹钢琴的猩猩,惠东,还行，没让我失望,3.5,2015-06-30 22:38:30
chenliaocn,芜湖,情节简单易懂，罗伯特,3.5,2015-06-29 02:45:49
林小花儿,,接复仇联盟第一部的呢,5.0,2015-06-26 22:22:05
jrtdf,包头,好莱坞大片！一惯值的观看！,5.0,2015-06-26 21:44:45
mtuan_SVIP,广州,好电影# 不错，只是没有之前的好看,4.5,2015-06-26 15:58:57
王小军193,苏州,超级好看，值得看,5.0,2015-06-25 20:33:09
小唐龙,北京,烟花太美，果然城里人就是会玩,5.0,2015-06-25 19:06:50
huazai7850,东营,圣诞节点爆钢铁侠取悦自己的女人,4.0,2015-06-25 10:17:13
zhonqirong,福州,视觉效果震撼！期待下一部,5.0,2015-06-22 13:18:40
纯纯的你。,,剧情好犀利。我喜欢，好刺激,5.0,2015-06-21 17:16:03
woody9501,深圳,神作，科技大神，看看国外富二代,5.0,2015-06-21 11:23:36
徐小羿,,三十多套铠甲都是打酱油的？,4.5,2015-06-05 12:54:34
yelldog,花都,挺好挺炫的，很有科技感,4.0,2015-06-05 11:33:44
阿柠崽,钦州,有时候很呆萌，女主也要变了吗？,4.0,2015-06-04 15:13:42
手上没有表,南京,较第一二部有些退步了,4.5,2015-06-03 21:02:44
陈琪珺,无锡,必须得看的大片,5.0,2015-06-02 22:47:38
Roy7seven7,,漫威粉丝不用解释,5.0,2015-06-02 22:47:29
die18331288,上海,惊险刺激的  女儿好漂亮,5.0,2015-06-01 18:56:45
TangChen臣,镇江,只为超级英雄,5.0,2015-06-01 15:40:35
kissma1121,东莞,这个时候居然还来发评价,5.0,2015-05-31 18:00:57
CougarWomen,,修成正果，不知道为什么的爱情戏，还是觉得钢铁侠和奥特曼怎么那么像。,3.5,2015-05-31 16:16:05
LIa15332023591,天津,very good,5.0,2015-05-30 21:44:37
gncmc全家死光,常州,经典无法超越,5.0,2015-05-28 23:02:38
jyl720,合肥,好看，欧美大片就是牛,5.0,2015-05-28 11:09:07
未知者,南宁,反派太让人无语之外，即使换导演了也保持一贯的钢铁侠作风，起码是一笑到底。小辣椒发威了是个亮点，而且承接了《复仇者联盟》的很多信息，只是钢铁侠大军用来放烟花这个点，我觉得太过奢侈了！至于中国提供版的中国元素，先等看国际版后再评价。,3.5,2015-05-27 17:00:20
羊羊的小浣熊,汕头,还不错啊！没有想象的那么烂,4.0,2015-05-25 13:32:24
真的叫张杰,福州,的确是爆米花片！！,2.5,2015-05-13 10:46:40
DuaLcc,,漫威出品，必属精品,4.5,2015-05-12 18:57:44
光芒,,看来就忘记了。,3.0,2015-05-12 18:47:02
兰舍予,南昌,矮的富帅……,4.5,2015-05-12 11:01:06
cn0523,济南,值得看，好帅，,5.0,2015-05-11 19:09:31
宝贝记着,潍坊,百看不厌！！！,5.0,2015-05-11 11:20:56
虓虓虓虓虓虓虓虓虓,武汉,美版奥特曼，最后涌出一大群钢铁侠差点把我憋出了内伤。本片还是留给孩子们自己理解吧，他们的世界我真心不懂。如果儿子问我片中的相关问题，我只能仰天长叹，随后喷出一口老血。。。。6.5分,3.5,2015-05-11 10:19:11
粘人无尾熊,,个人感觉，第二部最赞。,4.5,2015-05-11 02:37:48
yyj520330,南宁,好看不错哦嘻嘻,3.5,2015-05-10 16:53:05
NoOne,,我只是为了看复联2才补的_(:3」∠)_,4.5,2015-05-10 16:29:35
托尼-斯塔克,,对于一个科幻爱好者来说，钢铁侠3的确是个优秀的电影，但对于一个电影爱好者来说，钢铁侠3缺少了故事的悬念，就是说钢铁侠3完全靠电脑特技加分的。,3.5,2015-05-09 20:56:45
Sue_21,,这是我这几年最最最喜欢的一部电影 怎么说呢 每个人心里都有一个英雄 我想我心里就是钢铁侠了 不管他会不会完结 他那最后一刻十几个钢铁侠飞出来的时候确实被震撼到了 看的人激动人心 喜欢铠甲 喜欢英雄 喜欢剧情反转 喜欢漫威 重点是喜欢钢铁侠 托尼更有味道 最后的装甲狂欢真的是记忆犹新,5.0,2015-05-08 17:26:06
孟婆汤0526,重庆,可以说是唯一给的十分，他的钢铁侠烟花简直是摧毁了我！！任性！,5.0,2015-05-07 15:01:41
zhangjiaomao,重庆,一般般！故事太拖拉咯！,3.0,2015-05-07 12:36:04
Lydia739,,看电影的时候。最心疼的就是被炸掉的房子和车。。艾玛。。Tony你不住给我啊。。,4.5,2015-05-07 03:40:18
Joy大獅子,南京,还行吧，依旧的大片风格,4.0,2015-04-22 18:07:49
Xavi卷毛,,希望下部还是你,5.0,2015-04-18 22:47:09
_qqd481334220555,武汉,经典的电影，简直是神作，不看后悔！,5.0,2015-04-18 15:57:23
Force291,绍兴,,5.0,2015-04-17 23:11:05
悦子LEE,北京,最后的钢铁侠混战简直太爽了，不禁想到变形金刚，冰冰的酱油也打的太明显了，还让我看到了谷粒多的广告，看完电影直接去买了一盒喝起，我以为我喝了就能看见钢铁侠了。。,4.0,2015-04-17 21:30:49
Duke,安康,托尼 斯塔克在大战后留下的后遗符合常人心理 期待已久的满大人变成小丑角色就真心有点失望了 漫画里看过10枚戒指还在想当怎么在银幕上展现 更叫人不喜欢就是小辣椒成为能力者 还有就是王学圻和范冰冰片尾的国内特供 删掉更好 对于整部电影来说还是十分精彩 富二代再次打败了屌丝变异军团 钢铁战衣出动开始到最后大战结束 土豪拿战甲放烟花 流行的3部曲完结 但紧接着就是下个月的妇联2了 钢铁侠还会在出三部曲 希望小罗伯特可以一直演下去,4.5,2015-04-16 22:58:38
zorro8012,西宁,好早以前看的，还不错。,4.0,2015-04-16 18:05:07
痴而不花,北京,第三部感觉是最不接地气的一部，其中最主要的原因是小辣椒的超人化，虽然有中国元素的融入但作为纯酱油也不会让人很开心，但最后42套钢铁衣参与混战非常壮烈。作为独立系列的钢铁侠收官之作，是值得给予好评的。,4.0,2015-04-16 13:38:50
在慢慢等好天气,宜昌,高富帅还那么专情，真是难得又难得~想要什么都不用买的，他直接造一个给你。,5.0,2015-04-15 20:06:51
泰达MSD钱铮,天津,感官刺激的极品,4.5,2015-04-15 11:24:50
猫薄荷fish,安康,片子全程节奏紧张，动作场面华丽升级，应该是钢铁侠3部曲中相当不错的一个。只是，真正的钢铁侠应该一直充满斗志，哪怕团队分裂，再强大的敌人都不能阻止他的脚步。,3.5,2015-04-14 22:15:22
马赫一号,北京,都说nozuonodie果然不假，托尼斯塔克的性格也许永运都是这么放荡不羁和狂妄自大的，被炸毁家的唐尼在电影最后终于发大招放出了钢铁军团，看着无数钢铁侠在空中乱斗，相当给力。最终有钱任性的唐尼把铁甲当烟花放掉也是醉了。,4.5,2015-04-14 21:38:47
迷途之光,海口,钢铁侠，好莱坞的，还不错。,5.0,2015-04-13 23:10:53
找不道自己,北京,炫酷！好帅难主角！,5.0,2015-04-13 17:38:44
gmh15060006064,福州,好看哈哈啊哈,5.0,2015-04-12 23:29:14
lbD519056505,天门,好看好看好看。,5.0,2015-03-14 23:08:21
飞飞carry,宁波,和他看的最多的就是科幻片了，好看,4.5,2015-03-13 22:53:47
cp19920808,石河子,看的4D的   刺激,5.0,2015-03-13 20:17:24
zhuang789,威海,还可以挺好的,4.0,2015-03-12 20:46:59
睆雨燔,,效果很赞～～,5.0,2015-03-12 19:00:19
兔宅宅,芜湖,超级好看，可以再去看哟,5.0,2015-03-11 23:03:22
樟树60,无锡,震撼！视听享受！画面唯美！,4.0,2015-03-10 15:02:18
Macdog,桐乡,^_^^_^^_^^_^^_^^_^^_^^_^^_^^_^^_^^_^,5.0,2015-03-09 02:21:21
jirenjieji,天津,钢铁侠必须看我喜欢唐尼,5.0,2015-03-08 22:16:28
JPK187111879,昌邑,一直在追，赶紧出下一部啊,5.0,2015-03-08 13:49:19
谢雨舟,广州,快餐电影吧，还不错,3.5,2015-03-08 12:56:53
joverkok,福州,系列电影 蛮看了,4.0,2015-03-07 12:26:15
linli459500939,福州,不错，很真实的3D,5.0,2015-03-06 22:50:25
冷yu夜,昆山,非常值得一看。,5.0,2015-03-05 08:45:33
linshuhao20,福州,一般般，还行吧,4.0,2015-03-04 19:05:18
hing0716,广州,很好，非常好…,0.0,2015-02-17 16:28:20
johnson_fei,上海,这部电影真不错噢,4.0,2015-02-17 16:27:25
_qqs281352358795,广州,好！！！！！！！爽死了,4.5,2015-02-16 23:09:35
eQl13018804365,绍兴,科幻的，还可以,5.0,2015-02-15 20:42:19
zzyy瑜瑜,惠州,恩…感觉还不错…,4.0,2015-02-15 14:01:18
若唯倾城恋,宝应,很好看啊，画面特效很酷，嘿嘿，很喜欢,5.0,2015-02-14 16:06:54
王玄策,天津,期待下一步作品,4.0,2015-02-14 11:50:21
夏Xia__,武穴,不错，值得一看,5.0,2015-02-14 10:37:40
zq13436992711,北京,很好看的哦，希望大家可以看看,5.0,2015-02-13 12:44:08
_qqw631345464555,淮北,呵呵呵呵，呵呵,0.0,2015-02-13 08:04:49
aID680285273,广州,看了好几遍都不厌,3.5,2015-02-13 01:51:20
韩祯123,锦州,期待了好久，和男朋友一起，很酷,5.0,2015-02-12 22:41:50
ggG899738638,鹤岗,很好看，太好看了,5.0,2015-02-12 17:54:41
ares070331,南宁,很棒的特效，值得一看,4.5,2015-02-11 19:00:33
peregrin,,一定要看3D IMAX版本，酷！,0.0,2015-02-10 18:53:28
UEF278994945,呼和浩特,不错，部部都是经典！,4.0,2015-01-25 17:50:50
诱受小狐狸,抚顺,完美的收官之作。,5.0,2015-01-25 10:32:32
尚晓东510,,,5.0,2015-01-23 12:10:55
星晴C,,很不错！！！ 还会来。,5.0,2015-01-23 12:09:36
juebupamao,北京,好看很喜欢很不次哦的去,4.5,2015-01-22 16:12:39
纵横四海2016,哈尔滨,不错啊不错啊不错,4.0,2015-01-22 01:05:10
Zhou12170333,无锡,效果挺震撼的。,5.0,2015-01-21 20:29:20
jlW18682565898,成都,一如既往的喜欢，大厅很好，很清净，不错,5.0,2015-01-21 15:29:34
ethan0606,广州,超喜欢钢铁侠，虽然人老，但是很酷！,5.0,2015-01-21 09:44:14
Sue小开心,天津,各种运用高科技，整体来说还不错，后面挺精彩的，3D看看就没啥感觉了,4.0,2015-01-19 21:07:57
一笑倾城为谁痴,重庆,有剧情，有看点，不错。,5.0,2015-01-19 16:52:09
小夫子,武汉,很超值，享受噢,5.0,2015-01-19 15:35:01
So..good,包头,挺好，确实挺好。,3.5,2015-01-19 12:11:12
柠檬我不萌tt,天津,太震撼了！至今难忘,5.0,2015-01-17 18:13:20
纳米包子,荆州,记不太清了…都没注意是imax,4.5,2015-01-15 22:13:28
ldsheng77,东莞,很震撼很炫，值得一看,4.0,2015-01-01 10:45:00
ruddia,南昌,效果蛮震撼的，,5.0,2014-12-31 19:38:26
lanmeimei580,武汉,还不错，比国产片好看,5.0,2014-12-31 13:32:42
SimonVimpire,广州,好看，好久没评论啦,3.5,2014-12-29 17:40:22
卓妍joeyoun,,最后看到了范冰冰，顿时觉得电影深奥了……~_~,4.5,2014-12-29 17:14:40
UWR590336635,承德,很好看，场面很震撼,4.5,2014-12-28 22:52:02
wanglei.joe,太原,特效场面很壮观,5.0,2014-12-27 17:21:54
NYJ15840214798,沈阳,好好好就是好看,5.0,2014-12-27 11:08:24
叶子殷,广州,"几个月前去看的,一直都忘记写评价了,看的是3D的,很不错,画面很震撼,特别是机器碎片散落太空的时候很逼真,如同身临其境.期待有第4部的出现",4.5,2014-12-24 15:17:44
_qqz581399786076,成都,很喜欢这部电影,5.0,2014-12-24 12:25:42
Jaos8,惠州,很好看的美国片,5.0,2014-12-22 01:39:38
芯艾飞,西安,太好看了，值得去看,5.0,2014-12-21 13:27:52
小周148,北京,相当不错，很喜欢，要是还有的话，还会继续来看,5.0,2014-12-21 11:20:59
彩色铅笔_,广州,题材好，剧情好，科幻效果不错！,5.0,2014-12-20 22:51:13
summly888,南宁,打斗场面很壮观,4.0,2014-12-20 17:42:08
yoki_kitty,上海,电影超好看，赞！,5.0,2014-11-22 11:18:52
cpc5965892507628,沈阳,期待下一部，好看,5.0,2014-11-17 16:50:55
萌萌哒575293849,南京,帅哭了，好看的啊o(∩_∩)o,4.5,2014-11-15 23:29:53
新的自我！加油！,天津,不错啊啊啊啊啊,5.0,2014-11-15 17:39:54
小酷dog,东莞,为钢铁侠而来，，，，，。,5.0,2014-11-14 14:05:55
pMK842680789,合肥,钢铁侠3看的模糊的要死，后悔死了！,3.5,2014-11-13 17:10:51
xt4522,福州,还好，可以看看,3.5,2014-11-13 15:03:37
犹如初见,衡阳,大赞钢铁侠！！！,5.0,2014-11-07 13:11:17
w32553825,东莞,跟基友看得，还不错，期待后续的。。。,5.0,2014-11-06 10:24:23
正好妥妥滴,沈阳,不错，基本电影都是在这里看的,4.0,2014-11-04 11:35:51
starfish69,合肥,不错，很好看，很想去看啊！,5.0,2014-11-03 20:08:33
ivanchien,常州,很火爆，这个片子有前途,5.0,2014-11-02 22:24:51
辉加加,合肥,感觉不错～很好看！,5.0,2014-11-02 14:42:11
mazhigangsniper,武安,好看，顶了，期待下一部,5.0,2014-11-02 08:42:55
狂之梦想,南宁,还不错，但是我还是觉得第一部好看,3.5,2014-11-02 08:34:23
永恒的211,,精彩的一比。。。,4.0,2014-03-23 22:59:56
smile.香,,总的希望，还是能放在暑期放映。更多学生观看嘛,5.0,2014-03-22 08:41:11
_qq4271354532943,,非常喜欢钢铁侠，超期待，时间快点过吧,5.0,2014-03-12 21:27:32
孑然一笙丶,,真的挺一般的吧！个人比较喜欢科幻片，相比之下，就只能算一般了，不过有几个镜头还是可以的.但是最受不了的是中国人这时候窜什么角嘛，扣分扣分.,4.0,2014-02-03 23:19:01
阿周286,,3d效果一般，美式幽默还不错，中国元素很多余。场面确实过瘾，尤其一堆飞侠出场那一刻！,4.0,2014-01-13 12:00:08
阿浪455231985,,前面20分钟好唠叨，要打瞌睡；后面大战生化人，感觉齐天大圣回归,4.0,2013-12-30 00:07:35
榴莲公主欣欣,,真的没想到第一个笑点是在广告时间！是不是我的笑点太低了！画面还好，故事情节也还凑合，最差的就是加了中国元素！！！！但是小罗伯特唐尼还是让我花钱去看的动力！,4.5,2013-11-23 11:30:21
菟球a,,帅的，老了也很帅，期待第四部,5.0,2013-11-21 19:12:34
行蝉,,不知道钢铁老帅哥这次表现如何 哈哈期待,0.0,2013-11-20 17:26:01
流星闪逝,,从一个钢铁侠，到两个钢铁侠，甚至现在一群钢铁侠，这货战斗力越来越弱啊。。。o(╯□╰)o～没想象中的震撼～,3.5,2013-11-17 02:14:11
旦巴贡布,,还不错，中国演员酱油太明显!,4.5,2013-11-09 14:36:50
我要玩x行者,,能不能不要放，王学期和范冰冰那一段！！！,4.5,2013-11-09 09:41:26
XZB13212294515,,不错﹋o﹋很震撼,5.0,2013-11-05 16:20:03
香芒仙森爱吃橙,,看的IMAX版，效果很震憾！,5.0,2013-11-03 23:08:30
月下..,,这种电影就是要到电影院才有气氛啊！期待快快上映！,5.0,2013-11-03 14:16:08
waterbabyvv,,这简直就是钢铁破坏王么！！各种破坏,5,2013-07-04 11:05:31
陶婷taoting,,我喜欢这类型的电影，很不错,5,2013-06-26 13:07:10
coolfa4,,3D效果有点不敢恭维，不过最后女主真心亮了！！哈哈哈哈哈～～还是值得一看的，至于范爷……还是不说了……,4,2013-06-25 23:08:31
小小的象,,最后所有的机器人像烟花一样被主人公搞爆炸了。好激情。,5,2013-06-22 12:44:05
零下75度的唯美,,比期待中的，还是差的比较远的！,3,2013-06-13 19:21:22
鬼迹天使,,为了自己心爱的人 毁掉一切  冲动？魔鬼？只有他自己知道。。。,4,2013-06-10 23:21:33
沫沫0115,,不错，很好看，构思不错，值得看！,5,2013-06-10 22:20:48
哓魔羯,,网上看的 情节还是延续前两部 视觉效果还是顶级的感觉。不过希望以后还是让原班人马跟拍 别为了中国市场找俩打酱油的过来糊弄事！,4,2013-06-10 09:09:52
奇奇mer,,霸气的范爷到了美国连打酱油都没打上,4,2013-06-10 00:49:45
JZW18652214629,,期待，一定要去看。,4,2013-06-09 13:20:40
最帅男主角,,不像《钢铁侠》感觉是的《变形金刚》，植入的广告太雷人了。,3,2013-06-08 22:55:21
永远的诺坎普,,不错，但强加入的中国元素太牵强,5,2013-06-08 21:48:44
唐科杰,,最后出来的医生是什么情况？国产山寨片？,4,2013-06-08 17:22:58
_qqcvh1368321149,,3D让我省了不少钱 坚决不看3D 烂效果 差色彩 头晕晕,0,2013-06-08 11:50:38
灰色翅膀的蚂蚁,,还可以，也许我没有那个人……,4,2013-06-08 01:17:47
_qq8n61366786765,,美国科幻动作片都是如此缺乏新意但画面不错。这种快餐电影用来打发时间还是不错的。,3.5,2013-06-01 10:02:18
coffesnow521,,剧情比前几部有深度，更起伏，男主烧包的性格越看越可爱。,4.5,2013-06-01 09:34:14
扯淡的疯子,,我也想看。。,0.0,2013-06-01 08:33:01
ob45,,3D效果实在差强人意，是后期制作的3D吗？建议观看2D版！,3.0,2013-06-01 07:12:08
天天天蓝蓝289,,不错 好看 喜欢科幻片,4.0,2013-06-01 04:29:43
Star然然,,啊哈哈哈哈！钢铁侠3 这部我期待了几个月的电影终于要上映了，我好激动啊！快等不及了!,5.0,2013-05-31 23:31:48
_qqn5c1370008170,,好看～比国产片好看多了～支持小罗伯特,5.0,2013-05-31 21:56:28
dosmt,,还是非常喜欢这类科幻大片的,5.0,2013-05-31 19:54:39
tyx910809,,很精彩的的一部片子。,5.0,2013-05-31 15:40:24
懒韫。,,最后那段什么个意思，冰冰还是很美的。。男主也帅爆了。。。。,4.0,2013-05-31 11:08:56
飄鎏莯杹,,好看急了 哟西,5.0,2013-05-31 10:34:04
FxG302819048,,有点看热闹的嫌疑，没有一二好看，范冰冰这些镜头很多余，希望中国一线演员能好好演点作品。,4.0,2013-05-31 09:59:01
safaricforMen,,我在想就算是基因突变也不能忍受住能融化钢铁的温度吧……o(≧ o ≦)o,5.0,2013-05-31 08:29:18
s8776369,,希望别给砍太多了,5.0,2013-05-31 05:34:01
谖萱,,刚开始讲述的一般，只是最后中国医生的出现那真是太棒了，有了中国的元素,4.0,2013-05-30 22:56:45
新0120,,还可以，但是没想象中那么好。,4.0,2013-05-27 15:30:04
hungino,,有点像小时候看圣斗士，真搞不懂那些高科技装备是怎么造出来的，理论上是无法实现的吧？,4.0,2013-05-27 15:28:18
HWJ412156351,,最后的谷粒多把一部大片毁掉了！！！有点气愤！！！！本来是完美的电影！,3.5,2013-05-27 15:21:51
_qqt6c1369637405,,哇塞     里面的装备真是太好啦的    爆掉好浪费哦,5.0,2013-05-27 14:56:57
_qq7hx1369563492,,还是很好的，一如既往的支持！虽说剧情有点不合情理，但各方面的表现还是不错，赞一个！,4.0,2013-05-26 23:40:05
没没没没没有了,,真心觉得不好看，看30分时就有点坐不下去了，3D效果一般,2.5,2013-05-26 23:19:20
Awesomesragazza,,很好。吐槽和愤青还是***。有本事你拍ok？,5.0,2013-05-26 23:12:55
善待自己t,,挺气派的  中国电影比不了,4.0,2013-05-26 22:39:41
肉饼皇子,,已经算是近期最好看的科幻片,5.0,2013-05-26 13:09:10
IzF13871771919,,好莱坞就是不一样啊……给力！顶！支持哈！为票房加油！,5.0,2013-05-26 10:37:50
Xup15149277677,,休杰克曼，必须挺阿，就是开学了看不了怎么办...﻿:-( ，金刚狼是部经典之作，第2部也会再创辉煌，相信导演会给我们再次带来视觉盛宴.,5.0,2013-05-26 10:16:13
a2856,,期待鋼鐵俠4.....,4.0,2013-05-26 00:54:28
MIXmix,,看过了，很不错，就是不知道有没有钢4，很完美。,5.0,2013-05-26 00:28:50
dwj1978,,确实值得去电影院看,5.0,2013-05-25 23:46:21
驀然Evane,,其实我还蛮喜欢王学圻 范冰冰的。他们塑造的人物有些的确很出色。但是在钢铁侠中 我不得不说 很突兀。特别是王学圻第一次出现的时候跟贾维斯打电话 贾维斯开口中文。我瞬间凌乱。不仅破坏了钢3的整体感觉 而且让我对贾维斯无语了。然后范冰冰的出现 让我觉得像是进去了国产烂片中一般 观众好不容易入的戏 突然被带出来了 然后整个影院陷入一片嘘声之中。。。中国非要上这个版本 我估计广电是想说我们中国电影界其实还是有人才的 哪怕是在好莱坞商业大片中打个惹人嫌的酱油角色。。。,4.5,2013-05-25 22:50:33
好男人是冤大头,,真心觉得不错，但是如果钢铁侠4不是唐尼演的就没意思了，唐尼的片子都很好,5.0,2013-05-23 18:55:27
h15971110362,,一如既往的好看。。,5.0,2013-05-23 18:02:01
素兰雅鉴,,外国片一直都是看的时候很宏大。绝对不会看第二次,3.0,2013-05-23 17:43:24
_sina93229925722,,我看的是4D的！椅子是会动的！晃死了！在说说剧情！前面真的不错！但是当范冰冰一登场！我的感觉就是我看的这是什么片子？山寨钢铁侠？好片子就这样被弄成了山寨版！不是说演技的问题！就感觉从幻想拉回了现实！从现实掉进了地面的！！！,4.0,2013-05-23 15:20:08
懒羊羊的哥哥,,好吧  我承认我落伍了  只看了3,5.0,2013-05-23 14:13:27
BoRa117,,电影就是电影   …,0.0,2013-05-23 13:47:17
最爱打酱油2013,,不如前作，逻辑性很乱，之前的经典设计自己又推翻，中国医生设计尤其突兀，纯粹的无脑商业片，除了特技无亮点,3.0,2013-05-23 11:32:09
达达先生,,孽障都是自己手造。钢铁侠演下去，Tony最后会跟好基友Jarvis一决吧！,3.0,2013-05-23 08:50:00
_qqt471369237898,,good  so   good,4.5,2013-05-23 00:15:56
郭某君子,,其实电影还是很值得看的，就是我想说钢铁侠的质量怎么越来越差了，哈哈,4.5,2013-05-22 20:17:32
gHD328546164,,感觉还好了，就是看看的太晚了，有点打瞌睡,4.5,2013-05-22 16:20:31
冬至夏初,,嘿嘿，很不错,0.0,2013-05-22 14:17:21
LULU小貓女,,钢铁侠1，2都没看过，就兴致勃勃的来看3了，不过看过之后是真心喜欢上了，很震撼，里面有很多情感的表达，总之很喜欢！,5.0,2013-05-22 13:44:36
天天蓝,,看影评，大部分都说不如前两部，所以在看之前就降低了期望值，然而看完之后大大超过预期！不知道那些觉得差的人，要看什么样的电影才觉得好看。打斗可能没有《特种部队》激烈，但是剧情环环相扣，节奏紧凑，笑点还多，也给更多的时间描写主角的内心，场面壮观（特别是钢铁侠战队出现的时候）……。唯一不足是最后的几分钟，中国演员根本就不应该出现。个人觉得看3DIMAX效果很好，居然还有人说不如看2D，或许是每个人的角度不同吧！,5.0,2013-05-22 13:41:03
_qq3hz1368982641,,超级好看！嗯哼很赞，特喜欢小罗伯特 唐尼！哇哦(⊙o⊙),5.0,2013-05-22 11:13:07
deali1978,,3D效果还可以吧，故事老套，中间和结尾穿插的中国元素太无厘头了。伊利应该贡献了不少。,3.0,2013-05-20 21:15:33
_qqtwf1369045578,,刚开始很闷，没看懂，想睡觉，后面好看，刺激、高科技的美国大片,4.0,2013-05-20 18:28:47
小霖1388,,感觉还不错！,4.0,2013-05-20 14:44:54
洄龙洲畔,,看高科技看场面！故事老套,4.5,2013-05-20 14:19:35
到北极去看雪,,如果不是3D的，真想就给一颗星，估计是我听惯了英文的缘故，整场下来都十分难受，翻译了以后完全没有感觉，以后再也不去电影院看外国电影了，好好一部电影加工以后给毁了,2.0,2013-05-20 13:34:41
sheva605,,托尼斯塔克江郎才尽了！,2.5,2013-05-20 10:43:28
lxx18366928593,,3D效果不错，特技很棒，不过不适合小孩子看，有点暴力！,5.0,2013-05-20 08:38:36
楚沐风,,1、王学圻和范冰冰的脸上写满了八个大字：广告时间，不要走开！2、导演之所以没安排钢铁侠喝国产牛奶，是怕丫拉稀吧？3 、这部电影说明一个道理：放人鸽子的都得死。,4.0,2013-05-20 05:20:00
食客亮仔,,剧情有点抓不住重点，有些台词很狗血，尤其是结尾，感觉整体上来看不自然,3.0,2013-05-20 00:18:31
_qqkxv1368972493,,看是想看，就是看2分钟没了，不舒服。什么时候有完整版呢？,5.0,2013-05-19 22:13:24
this98,,真是垃圾片，完全靠宣传和水军忽悠来的票房。到电影院看你完全是因为钢铁侠1的经典。,1.0,2013-05-19 21:43:45
EVE13922242121,,真一般般，画面太暗了，没剧情的，现在越来越不喜欢看3d片了，最后问问那一堆钢铁侠本来就是用作放烟花的吗？有点浪费！,3.0,2013-05-19 21:29:50
tiaotiaohu_bb,,有点恐怖，孩子被吓哭了。。。,4.0,2013-05-19 21:28:20
hNL777421866,,一般般，特别是范大姐的进入真的无厘头。没有遗落战警好看。,3.5,2013-05-19 21:00:27
妳_10最美的风景,,不错的片子，3D很棒！,4.5,2013-05-19 20:03:49
vampire1216,,很喜欢。太震撼。超有型。,5.0,2013-05-18 21:14:48
_qq8z71322108055,,剧情上个人感觉没有前两部好！！制作效果真的是不错。,4.0,2013-05-18 19:29:47
万达附近王寨,,求组队看其它电影。,3.0,2013-05-18 19:18:37
YSLin12,,场面还好，剧情普通，最后硬插进去华人对话，僵硬无表情无剧情联系性，真是烂！,4.0,2013-05-18 15:12:20
点点点点,,我真的没看懂中间窜出来的国人←_←最后那段我看着真想吐血…不知道你们有没同感 怪不得上的快 中国元素多啊…国人一出 必毁大片,4.0,2013-05-18 14:46:49
clover慕慕,,整体很不错，如果没有中国那俩不搭的人就完美了,5.0,2013-05-18 12:07:44
zxyyyy3,,不仅恐怖分子可以让电视播同样的节目。。新闻联播也可以做到。。,5.0,2013-05-18 10:32:49
insolentfox,,商业片，还行！,4.0,2013-05-18 01:42:56
_qq72x1355039720,,中国人的出现真是败笔，其他都完美，就是中国人的出现啊！！！其实唐尼完全不需要这样来感谢我们的。。。,5.0,2013-05-18 00:10:01
Vvisdom,,真心感觉纯卖特效。尤其最后弄个范冰冰出场。这个之间压根就不搭。这个片既毁了范冰冰又毁了钢铁侠。感觉钢铁侠的盔甲越来越残次了，后来打几下就坏了。如果要看特效还是去电影院前几排坐感觉还是挺不错但是要看剧情什么的还是在网上下吧，因为一定会后悔的,3.5,2013-05-17 22:57:15
GrO255843654,,没去看，等网上下一个看看,0.0,2013-05-17 22:24:39
熊猫兔1314,,来可以吧，为毛美国一拍这样的片子，大多数都是恐怖分子啊，这是USA的特产嘛,4.0,2013-05-17 22:20:36
_qqc5x1368798878,,影片拍的很精彩，不错的一部电影。,0.0,2013-05-17 21:57:24
水晶998,,满怀期待去看的电影，说实在的，本人觉得不咋地。除了美国人想象力丰富值得称赞外，节奏慢，3D效果不好，第一次看电影想打瞌睡。,0.5,2013-05-17 21:35:16
用你好说再见,,这部电影挺好看的,5.0,2013-05-17 21:14:49
雯妈妈2010,,总的来讲还不错，男主角很帅，结尾的王、范那一段比较烂……,3.5,2013-05-16 14:40:05
qingqing_911,,太难看了，要不是票贵真想睡一觉，后来才知，好几个朋友都睡了半小时以上呢…,0.5,2013-05-16 14:04:22
aKV15131090328,,片子一如即往的棒，精彩，做人就应该向托尼学习，人生真实，我好羡慕他，画面很美，喜欢,5.0,2013-05-16 11:16:29
90后驹迷ye,,好看好老看看看吧,4.0,2013-05-16 08:24:41
pbthresa,,最后三分钟是不是只有在中国上映的才有啊，在其他国家上映都剪掉啊，这不合理啊！,4.5,2013-05-16 08:06:52
西四小二,,无论是超级英雄，还是末日灾难，中国人民都是最厉害的！~,3.0,2013-05-16 03:54:00
sara68851666,,我觉得挺好，托尼不离不弃地拖着他没电的钢铁战衣在雪地里那一段让我感觉非常励志，人不能只能在他有用的时候照顾他，而是他倒下的时候依然如故，那才是真的英雄！另外…飞扬影院的荧幕真不错！,5.0,2013-05-16 00:33:21
嘛子路西,,3d效果太一般了，可以忽略。敌人变成了赤手空拳的人，弱化了盔甲的戏份，不太过瘾,4.0,2013-05-15 23:25:43
sandyuan1012,,这种电影就是看之前觉得值得去电影院过过瘾，看之后觉得其实并不值得，并且过几天就把剧情忘掉八九成。,3.5,2013-05-15 23:25:13
陌上伊人123,,场面做的可以，看的3d效果，挺好，！,4.0,2013-05-15 21:44:19
13045679575,,前面1／3的前奏看得我直打嗑睡，后面就精彩了，儿子在旁边一个劲的喊：酷，帅。还正中下怀了。总体觉得是不错，后来的结尾有点唐突，一下子缓不过神来。,4.0,2013-05-15 21:27:52
STAR藍天,,昨天刚去看的，感觉后三分钟中国山寨片跟前面比真是太TM菊花了！,5.0,2013-05-15 21:22:49
人间四月天237,,非常好看，场面逼真，故事情节简单，但是演员表演出色，把中国人讲的比较龌龊吧，那角色，本来不看美国片的，但是这个真心好评！,5.0,2013-05-15 20:48:06
小婉子1986,,看了这么多评论才发现，现在的人都被**剧洗脑了，都爱看那种不用脑子去想，不用心体会的电影了。《钢铁侠3》是最好的，因为它需要你带脑子去看，用心去感受编剧给钢铁侠赋予会思想的英雄，而不是只是会穿上盔甲去战斗的机器人！特别让我感动的是加入女主角战斗那场，是要告诉世人英雄不是男人的专利，女人也可以很强大，也可以保护男人。绝对支持,5.0,2013-05-15 19:36:45
emimimimimi,,第一次看钢铁侠 很精彩 表示很后悔 当年居然没有看过第一部 T T 于是立马补上 哈哈,5.0,2013-05-15 18:33:23
美轮美奂H,,说实话！美国有点卑鄙！为了打入中国市场硬塞进去几段没必要的中国元素！还张口就说中国货（山寨货），哎！除了效果不错！其他看了真没劲！,4.0,2013-05-14 12:26:11
柳中知梦,,iMax效果不错，就是最后那广告太恶心了。没有范爷电影还能多给一星,4.0,2013-05-14 11:22:38
eilaw,,不及一二部，但也还可以看，中国剧情简直是胡扯。,3.5,2013-05-14 08:58:32
Linsoumin,,不错的片子，特别是女主人最后一击太帅了，看样子出4的机会不大，哎，想看,4.5,2013-05-14 01:50:26
applefruit001,,美国版的《人与自燃》，想起了《狄仁杰之通天帝国》，而且中国演员确实像是走错了剧组了,3.0,2013-05-14 00:04:15
13273644877,,钱花的不值呀！3d效果真差。,2.5,2013-05-13 22:53:06
liaosip2010,,很棒，虽然中间睡了一小会儿，太累了。。,4.5,2013-05-13 22:46:13
熊浩天720,,没有前两部好看！,0.5,2013-05-13 22:11:40
就爱大P猴,,延续美国一贯的英雄主义崇拜思想，特技很棒，幽默感总能冲淡冲突的激烈感，但是最后范冰冰这酱油打的太水了～,4.0,2013-05-13 21:36:03
lnL13372056336,,很期待的一部电影，被后面三分钟给灭了，**啊,0.0,2013-05-13 20:58:23
笨豆芽,,挺好的，喜欢,5.0,2013-05-13 19:33:45
海涛11,,除了范冰冰那段，都挺好的！,4.0,2013-05-13 19:29:50
xxxxlovex,,真的一般般。尤其最后那段很牵强。,3.0,2013-05-13 18:45:13
tzy738527496,,怎么看不了啊？，真是的，操,0.0,2013-05-13 13:44:24
时光如初,,轰炸轰炸...心都炸碎了〜,3.5,2013-05-13 13:10:28
elfboya,,搞笑情节是不是多了点啊？……,3.5,2013-05-12 16:52:17
min1988520,,原来把一些恐怖的事情看平淡，也就不那么恐怖了,4.0,2013-05-12 16:29:58
不一样的烟火,,超烂，范冰冰和黄学圻都是打酱油的！,1.0,2013-05-12 16:26:56
zLb13906642804,,是不是结束篇啊,5.0,2013-05-12 16:05:36
SamsWong,,盔甲一代比一代差,5.0,2013-05-12 16:02:44
xVa13843186059,,非常好看！美国大片就是看的非常过瘾，从剧情还是演员都非常棒！而且有钢铁侠的幽默,5.0,2013-05-12 15:43:04
祝熔Alias,,天朝配音版本真好，不用看字幕太棒了。话说我错过了天朝特产的镜头了？个人喜欢最后出角色名的那一段。。。精彩过整部片。。。下一部如果反派不是范爷，你们就吞舌自尽吧。,0.0,2013-05-12 15:38:00
jlj082,,场面霸气到了个极致，就是那个「国产广告」插播的略显多余。,5.0,2013-05-12 15:37:03
_qq5zk1368340513,,故事有点找不到逻辑性！感觉是凑合的拍的！编剧一般。就是来看效果的！特效就是比中国的好50年水平感觉上！,4.0,2013-05-12 14:37:12
黑暗骑士,,终于看完了 小辣椒雄起了 托尼斯塔克终于领悟到了真正的爱情 你可以摧毁我的房子，我的装备，但是你摧毁不了一个事实，我是钢铁侠,5.0,2013-05-12 13:50:20
Justonly57,,视觉效果不错说话也特别风趣，感觉不错，值得一看。,2.5,2013-05-12 12:36:51
_sina30153775838,,被喜欢的人无视了，整场电影没看懂在讲什么，心情不好坚决不能看电影,4.0,2013-05-12 11:43:41
扆扆,,随着年龄的增长，我们并不是失去了一些朋友，而是我们懂得了谁才是真正的朋友。而每一个恐怖分子的背后都有一段辛酸血泪史。,4.0,2013-05-12 10:57:24
KANE泽,,比第二部完美，做到飞天下海好完美的一部电影。,5.0,2013-05-12 10:44:49
cyn1376,,期待好久了 过程也超搞笑 就是特想把忻哥和冰姐剪了 受不了啊 真拉低档次 看到最后就跟国产科幻片一样,4.5,2013-05-12 10:23:54
杨曼柔,,无语！最后那广告给我恶心死了 没必要作的这么明显吧 毁了一部大片啊！,0.5,2013-05-11 20:52:19
黄杏林168,,范冰冰又来钢铁侠打酱油了！,4.0,2013-05-11 18:56:39
hzkennylee,,第三部总体来说不错，但与原著偏离，钢铁侠没了身上的保命的电磁铁，心脏的弹片也被我们伟大的国内男科泌尿系统砖家叫兽取出。而且最经典的是出现了一个TCL电视的镜头，我作为惠州人感到无比恶心，美国人做心脏手术要到中国来，史无前例。人物回归了平凡，从神话般的战甲变成了人工智能卫星定位战甲机器人，比较合理。,4.5,2013-05-11 18:45:22
sXr18647987552,,每一幕每一情节都是导演精心为观众准备的，凭什么被那些人删减？凭什么我们花全价却看不到完整的影片？,4.0,2013-05-11 18:32:50
wxlchq,,看了一半没看完，有时间再去。,4.5,2013-05-11 17:23:00
付小仁,,在看之前就把前两部重温了下，第三部确实没有想象中那么好，中国演员那部分有点牵强，老美的医疗水平不行么。但对于商业大片来说已经达到效果了，其实感觉托尼的机器助手乔维斯才是钢铁侠,4.0,2013-05-11 16:59:04
管小胖胖,,非常好看。特技很过瘾。3D效果也非常好。,5.0,2013-05-11 16:26:13
吴波653,,只是一部商业片，对得起小桶爆米花而已。全篇有疑问：高副帅加情圣为啥要爱女主角？,3.0,2013-05-11 15:49:08
lrzzz,,期望的有点高了，总体来说还是很不错的！,4.5,2013-05-11 14:49:57
批量复制,,最后中国人的三分钟有点〜〜〜,4.0,2013-05-11 13:58:37
粉粉的kid,,钢铁爱国者cool!,4.0,2013-05-11 13:42:42
Hedgehog_ay,,虽然特效不错 但是有点失望。。。没想象中好,3.0,2013-05-11 12:47:57
jykenan,,不能选位，有点遗憾,5.0,2013-05-11 11:02:43
伪娘雁子,,最爱托尼了~~好帅呀！！,5.0,2013-05-11 10:27:25
matcha7730,,很精彩，无尿点。大。有些剧情觉得稍微狗血了点，最后的自爆很精彩,4.5,2013-05-11 10:16:13
巧克力,,本来想看的，但是看了评价就不想看了,0.0,2013-05-10 20:47:08
shan653422902,,3D效果很赞 但剧情太...土了。真是 处处有救兵啊！,4.0,2013-05-10 20:21:15
lvyvgang,,**，配音垃圾，要看就看英语的，别看国语,3.5,2013-05-10 19:46:10
剑平心雨,,好莱坞以前的敌人是外星人，那时候美国英雄为全人类的存亡和幸福而站；如今的美国英雄的敌人只想毁灭美国，所以英雄只拯救他关心的人和他的总统。。。。,4.0,2013-05-10 19:41:38
瑶瑶86815,,好看！值得推荐,5.0,2013-05-10 19:29:15
火锅骑士,,第一部还不错，第二部不及格，第三部不知怎样,0.0,2013-05-10 18:38:16
小美资深评论员,,第一：3D效果重点体现在文字上，应该说出镜效果不好 第二：剧情延伸速度有些快，对于英文一般的人来说，有些跟不上。 第三：结尾有些自断后路的感觉，连强磁力都取掉了（my，god！居然还是大陆医生做的手术，真心费劲导演的意图。包括还有个“谷粒多”强植入的广告）  至于剧情，衔接上一部（我指的是「复仇者联盟」），托尼居然还得了焦虑症！家也没了。好似一切都回到了零…  无厘头的笑点反而还成为了笑点…美国黑幽默么？不懂,4.0,2013-05-10 18:06:31
粤S猪猪侠,,感觉一般，没有激动的心情，所谓3D就是片头片尾一点火花飘到你眼前，拜托！做部真3D别骗中国人的钱！,3.0,2013-05-10 17:58:23
ocean0728,,我睡着了。汗,0.0,2013-05-10 17:44:40
D探员,,一大群钢铁侠出来的时候真是帅呆！ 想起小时候双手摆个L造型就以为自己是奥特曼，谁没有做过英雄梦。 总之很喜欢，超赞的！,4.5,2013-05-10 17:12:23
_qqdcs1354690633,,太帅了 太帅了 爱死男主角了 虽然影院3D效果不太好 但是也不影响电影剧情的震撼,5.0,2013-05-10 17:10:10
追忆百合1986,,不是很有吸引力说真的,3.0,2013-05-10 16:37:21
_qqw5h1366380106,,情节超烂！下面的想女人想疯了！,1.0,2013-05-10 15:44:49
lolly倩,,很精彩，有点搞笑，只是结局有点遗憾。,5.0,2013-05-10 15:40:27
小鱼吃大鱼的地盘,,真的很一般，！,1.0,2013-05-10 15:30:33
静空zp,,效果还可以，霸气！商业片，后面几分钟略显牵强。,4.0,2013-05-09 21:05:08
爱的,,伊俐谷粒多是亮点,3.5,2013-05-09 20:29:24
ePP652354258,,里面声音太恐怖了。。。,5.0,2013-05-09 20:21:48
Tuf15905705214,,真不错'震撼,5.0,2013-05-09 20:07:28
乔这小子,,前两部钢铁侠装备都先进到那种地步了，第三部居然整天穿个原型机还要手动，机器一撞就烂，衔接做的这么差劲，也叫高科技吗？每个部位都是分开运作的，然而坏蛋一抓他任何一个部位其他也就失灵了？怪物的身体达到几千度了，能融化钢铁侠的盔甲，居然溶化不了自己的衣服。钢铁侠穿着高科技衣服反而笨手笨脚，浑身发烫的异性人不但打不死而且各个会武功力大无穷。军队偷袭钢铁侠的时候那一群钢铁侠战队不来救援？坏人非要制造很多个和自己能力一样的敌人来打自己？两次来中国，拍了三个月，就在长城那来个一飞冲天的镜头？扯蛋了吧，钢三的编剧这次玩胡闹啊！觉得钢三好的，可以先看前两部，就知道钢三真不能传达钢铁侠的本质啊！,5.0,2013-05-09 19:26:11
_sina96923843348,,bhfdjhff,0.0,2013-05-09 18:59:51
那些年的回忆在么,,今天依旧是一个人去看的钢铁侠'很久没有人一起看电影了'不知道什么时候会牵着另一双手相偎依'哎,4.5,2013-05-09 18:55:55
蓝昕,,没有中国特别版比较好，加了那俩八分，没有的话十分,4.5,2013-05-09 18:25:35
_qqwmc1365569349,,画面真的不够好'有写地方还行,4.0,2013-05-09 18:23:34
苏芸锦,,今天去看的上午场，整场就我和老公两个人••••••剧情感觉还行，就是水分有点多，不是很紧凑，整个感觉英雄很无奈啊••••••,3.5,2013-05-09 18:11:38
徦媔尒姐,,一开始不感兴趣〜〜〜被硬拉到电影院的〜〜不错，就是最后出来的桥段，打败了我。。。,0.0,2013-05-09 17:57:30
_qq6sd1356618916,,剧情看的晕呼呼的。最后的中国医生是剪切上的吗？,4.5,2013-05-09 17:27:48
没时间取名字,,看完以后，发誓再也不买自己伊利产品,5.0,2013-05-09 17:26:04
Ssshelly,,敢情觉得那两个中国人真多余，说国语？还卖广告！这片挺幽默的！3D效果好！,4.0,2013-05-09 17:19:25
遵一份诺言,,很不错！没有他们说的那样不好！,5.0,2013-05-09 17:01:28
Xy媛小白,,跟爷们儿去得，他很喜欢，我就陪同，不过也还不错了,4.5,2013-05-08 21:56:43
LL愛,,大家懂得、不多说了！,4.5,2013-05-08 21:38:00
divazhang,,好看，正义无敌,5.0,2013-05-08 21:00:47
Joycuancuan,,不建议 全剧对于我的亮点只有唐尼和那么点零星的剧情,2.0,2013-05-08 19:38:58
饭团加米丝,,本来那么好看那么完美的美国大片，居然片尾插中国人进来，真污染了！！！,4.5,2013-05-08 19:22:01
王莫含,,结尾好似山顶跌入低谷，驴唇不对马嘴！,2.5,2013-05-08 18:26:45
某尛千,,典型的美国片子,4.0,2013-05-08 18:13:37
Zuq18647110007,,真爽，马克42代,2.5,2013-05-08 17:45:41
Doo好好吃,,特供版人物出现的时候，好想笑的说，插的太勉强了吧，别的还好，钢铁侠还是很帅的。,5.0,2013-05-08 17:25:03
YanYan爱电影,,这部3真不错，比前两部都好看，看一遍没看够！期待4上映•••,4.0,2013-05-08 17:18:46
EjP13223927507,,3D效果几乎为0只有字幕特立体,3.5,2013-05-08 16:16:26
_qqvf31367886724,,要是再让我看一遍也行，但是我会提前三分钟走人≥﹏≤,4.0,2013-05-08 16:13:22
fDc18093253977,,太垃圾了，看的我都瞌睡了,0.5,2013-05-08 15:30:09
catherinebb,,怎么来个范冰冰~王学圻？打什么酱油？！败笔~垃圾~,3.5,2013-05-08 15:20:36
Merlin378,,与我之前了解的剧情不符，新的战衣马克47 应该是钢铁侠获得绝境病毒后运用纳米技术安装在身体内部的全新战甲，可以从唐尼身体内部通过神经指令直接组装，可以说是人机一体，随时变身。另外满大人绝不是这般草包，漫画中有十种超能力，这根本就是另外一个故事,3.0,2013-05-08 14:38:03
Chrisliuc,,万达太**，说imax的六点可以，场次安排在六点五分，买票时却说两张才能兑一张，太不厚道！其实效果跟3d差不多，说到钢铁侠本身，本来就是冲着科技和动作去的，还不错，学会召唤盔甲了，呵呵，女主角都说自己太暴力了，剧情没啥好说的，跟上两部一比就知道！,4.0,2013-05-07 22:34:27
O陈某某O,,嘉年华影院的8号厅3D效果超好，看得很过瘾>O<,5.0,2013-05-07 22:27:47
改这名字谁还认识,,个人认为电影并不罗嗦，很多人都想着快点看唐尼穿着战衣战斗，虽然这也是卖点，但这只是表面，太肤浅了，只有真正在主人公不断探索反思的过程中感受，最后才会得到精神上的震撼。,4.5,2013-05-07 22:24:03
猫猫942222,,看过啦！排场比较大，还是第一第二好看…,3.5,2013-05-07 21:56:07
心态越来越好781,,我中途睡着了好几次！,2.0,2013-05-07 21:53:04
luckyniuli,,3D效果很好，总体来说还是很不错的，除了范冰冰那段,4.0,2013-05-07 21:49:37
顾安之,,只能说这个男人太棒了，既老又帅还骚！丢开战衣一样霸气得无与伦比！听到贾维斯说中文我就想起了Siri！！中国在电影里面的体现真的不是很和谐，但是范爷还是很棒的！最后一圈的战衣在那真的超震撼！！！全部销毁的那一刻我的心都在滴血！！复仇者联盟要2的话咋办呢？！,4.0,2013-05-07 21:37:07
流年乱浮华350,,岂止是一个  帅  字可以描述的,5.0,2013-05-07 21:29:12
zpnlover,,最后那段真是够恶心了 太多余了  不加最后那几分钟就完美了,4.5,2013-05-07 21:15:11
tuxiake,,影片还可以，为什么要3D呢？一点效果都没有，还不如疯狂的原始人。,5.0,2013-05-07 21:13:07
尼基塔囧囧彭,,真的很不错…支持,5.0,2013-05-07 20:02:45
三叶草03,,朋友说美国大片一定要去电影院看，这样才能看出效果。这几年却经常被骗，看到3D就纠结那个眼镜是要逼死谁，其次以想象力著称的美国人也开始英雄陌路了。人都说电影是梦工厂，此刻电影院也是梦工厂，摘掉眼镜好好的睡了一觉，闹铃就是最后范冰冰出场时周围的惊呼，好吧，回家！,3.0,2013-05-07 19:17:36
蛋蛋与妞妞,,范冰冰的那一段像是插播的，根本前后都不搭，打酱油打的也太专业了吧！剪了这一段我就打四颗星。,3.0,2013-05-07 18:58:32
wjq792075056,,独墅湖看的片子太暗了，看着太累人35分钟就走了，内容一般。难道影院片子也有浅规则，上次看一部3D的就有这感觉。无语中,3.0,2013-05-07 18:41:51
懒洋洋841101,,真的值得观看，不过最后的植入性广告有些太明显了，很无语！,5.0,2013-05-07 18:26:26
依然跋扈,,"总是很鄙视那些评论说看睡着了的人，所以这次我强忍着，还好只分神了几次，啰哩啰嗦的对话，少之又少的大场面，昏昏沉沉的3d,再配上狗血的剧情，还不如致青春痛快",0.5,2013-05-07 01:19:07
何聪聪,,专门去看了IMAX版，效果真不错，剧情嘛，这种片子有个啥剧情?!范冰冰出现的着实无厘头，打酱油都多余，效果5星，剧情3星，有了范冰冰减半分，有低级的植入广告减半分，综合评分4星,4.5,2013-05-07 01:09:25
杨杰,,看的4D，不错的片，有剧情有特效！,5.0,2013-05-07 01:03:45
小毅涵,,一般般、还算有些大场面吧，但整体情节不连贯的感觉,3.0,2013-05-07 00:14:23
wxmagic,,略失所望，如今的IronMan似乎也不再那么刚强，斯塔克也显老态，小辣椒则大有变身超女之势。相比前两部，弱化了与反派BOSS那种遁天入地的近身格斗，犹如成龙的谐趣动作片那样，花哨的动作设计，看不到甄子丹那种拳拳到肉的热血气概。BTW：坐旁边的一位小哥中途居然打起了呼噜，本片可想而知~~,3.0,2013-05-06 23:44:30
15208225948,,还没致青春好看,4.5,2013-05-06 23:20:22
随便看看昂,,imax效果不错，值得一看,4.0,2013-05-06 23:15:57
zhY361474701,,很好看，有的点很爆笑。植入的广告很无语。,5.0,2013-05-06 22:59:07
瓦尔德拉玛,,第一次看3D电影，效果没有裸眼看的好，戴上眼镜后光线变暗，黑乎乎看不清，时间久了眼睛感觉胀，看完回家发现眼球都是红的！打死也不看3D电影了！,3.0,2013-05-06 22:55:32
伊帝约克夏,,从头到尾很惊险，精采!,5.0,2013-05-06 22:31:55
_qq3fz1367644097,,总得来说不错，3d效果不是很好，真的受不了为什么让范冰冰跑出来，还给伊利谷物多做广告，晕死,5.0,2013-05-06 22:25:14
NXF15898168725,,伊利谷粒多……,4.0,2013-05-06 22:03:43
_qqznd1367848401,,情節很科幻也很精彩，美中不足的是中間有一段簡直像跳錯台。很無語！,4.0,2013-05-06 21:54:59
wendy清,,我觉得看个剧情看个效果还是可以的。不要纠结那么多。那多的三分钟已无力吐槽，所以不说。看到后来的“焰火”我就觉得:神呐！都是钱啊！有钱银啊！浪费啊！可惜啊！！,4.5,2013-05-06 21:45:20
伊人醉你的泪,,"我想说的是今天晚上去看钢铁侠3本来看的猫眼时间算的好好的，到了横店却被告知时间不对，这不是坑人吗？看钢铁侠3就为了个3D,没办法看了6点半的3D，错过了10分钟的开场，还有第一次觉得被猫眼坑了。。以前是很相信猫眼，和美团的！！！真心话！！",3.0,2013-05-06 21:43:35
lnjzdan,,什么东东  到影院还让加钱   差评,0.0,2013-05-06 13:20:27
r1ta倩,,太一般了，最后的情节感觉象是强加进来的，太不搭了 。,3.0,2013-05-06 13:15:33
_qqvsw1363686096,,还期待老长时间，结果出来看了拍的什么屁片，光在那叨叨了，打斗这么少,2.0,2013-05-06 13:00:15
夜凉如水hb,,沒新意，催眠，别再拍续集了，只会越来越烂,3.0,2013-05-06 12:50:38
tankexinhe,,对这种片片不太感兴趣，尤其是主角，忒不感兴趣，典型商业片，无聊飘过,3.0,2013-05-06 12:48:39
SSNSJSJJNSJDJ,,瞌睡都看出来了,4.0,2013-05-06 12:38:49
ELFAINI,,其实做手术那段可以删的，总的来说还好顶顶,4.5,2013-05-06 12:36:39
wendy58120,,广电总局怎么不把后面的删掉啦。。后面的几分钟要不要这么恶心啊。。太不搭了。。。,4.0,2013-05-06 12:02:05
路飞君IS,,我想说的是为什么托尼拥有高科技的钢铁侠，住的地方连飞机的导弹都没警报，只有屏幕显示，也没安装防导系统！太**了,4.5,2013-05-06 11:53:06
_qqnfh1367808902,,其实最后的镜头可以掐掉~,3.5,2013-05-06 11:06:39
只洗碗不吃饭297,,和前两部比不好比啊，烂,0.5,2013-05-06 11:03:17
小谢是潜力股,,打斗的 画面不够激烈,3.0,2013-05-06 10:56:03
ying安好,,我不喜欢这个电影。。。,2.5,2013-05-06 10:49:46
_qqfm41367807709,,期待第四部，，，,5.0,2013-05-06 10:38:52
小小白0424,,期待了几个月，终于看到了，不过没让我失望哦！太帅了，不知道还有没有第四部了！,5.0,2013-05-06 09:46:55
dongziyo,,超级好看。搞笑又刺激！,5.0,2013-05-05 22:51:48
伊澐嫣,,看的国语，觉得翻译很贴近生活，故事情节很吸引人，至于女主角似乎不是很出众，虽然范冰冰在里面是打酱油的，但是绝对不输给女一号。其次就是钢铁侠一直走的都是科技路线，高科技产品更是不在话下，简直就是只要你敢想，就没有用不了的科技技术。佩服，佩服。,4.0,2013-05-05 22:33:28
Zhu_晓雅,,没有想到第三部就是最后了，觉得那么多钢铁侠炸掉非常可惜，但又觉得唐尼能为女朋友做到这样而非常浪漫！,5.0,2013-05-05 22:32:25
无名802,,今天刚看完，觉得有2d的就看2d，3d效果不怎么突出。影片总之比较 好，但结尾不知道在搞什么基。我觉得还是用百度影音看看就好了,3.5,2013-05-05 22:25:48
Show656,,悲剧，漫画里钢铁侠最强大的敌人满大人被改成这个模样。。。而且所谓的中国元素好无语，，还以为中国元素会体现在满大人身上呢。。。,5.0,2013-05-05 22:24:12
_qqts41367763259,,今天看了。42代很强!,5.0,2013-05-05 22:17:14
selina3212008,,啥破玩意啊？那机器人老说没电又咋冲的电根本没说明白，想没就没想来就来。那些机器人家族为啥到最后都出来了？之前因为啥不能来营救也搞不清楚，出来一堆机器人也不知道都干点啥，反正一会要不行了一会又活过来了也没交待清楚咋回事。那女的都掉火海里了又没死也没说明白咋回事，还有最后就最搞笑了，美国医学不比中国发达啊？还跑中国做手术来了。整俩打酱油的中国演员，完全骗钱！！！,1.5,2013-05-05 22:16:46
fwen20080713,,我要看要看，谁和我一起去。,4.5,2013-05-05 22:10:31
麦卡哇伊,,比预期的要差，我觉得怎么滴也应该比特种部队2好看吧，但很让我失望。想看的是帅酷拉风的钢铁侠，不是三分二都在抒情斗嘴肉搏的托尼史塔克（看纯肉搏还不如看美队好不好）。那个反派刚出来我就知道他会是这部戏的反派。。天哪，范冰冰那段真是感觉画蛇添足。,3.0,2013-05-05 22:06:54
鑫鑫奔奔,,看了两遍，第二遍睡了10分钟。,4.0,2013-05-05 22:00:29
斌依921123,,给五星是喜欢所有英雄中最喜欢的就是钢铁侠，喜欢斯塔克的幽默和自负，不过真心觉得没有中国元素这部电影会效果更好。不是崇洋媚外，而是觉得中国元素太政治性了，刻意用中文对白，又刻意说中国要帮忙，我晕。钢铁侠3是我期待了一年多的电影，1和2是看了好多次了。希望在复仇2中，斯塔克有更好的表现。哈哈。斯塔克性感的小胡子真迷人。,5.0,2013-05-05 21:58:51
别去看,,精彩的部分都被广电总局删光了！,3.0,2013-05-05 21:47:00
wang717574286,,看国语的好。  还是原版的好？,0.0,2013-05-05 21:46:24
youngzml,,没想象中的好看，可能是期望过高了，也可能是第一集太经典了！,3.5,2013-05-05 21:39:04
_qqk461367760331,,这电影有点乏味，骗中国人钱！,3.0,2013-05-05 21:26:12
xKj18004317892,,冰冰才是亮点！,4.5,2013-05-05 17:51:56
周大喜228,,烂烂烂，画面大部分2d，一点都不震撼，感觉剧情要交待的太多，但是又很不连贯，不好啊，,2.5,2013-05-05 17:49:16
JunieG,,我摘下了3D眼镜，**画面是2D的！但我还是得把戴上眼镜，因为字幕是3D的……我一定要把英语学好T^T,4.0,2013-05-05 17:16:38
爽叽叽,,那个医生好恶心，好假。,3.0,2013-05-05 17:04:20
彡彡呢,,电影还可以，就是3D效果一般，还会模糊，而且看的好累！以后不会去再去去这家的3D了！座位什么的都不如2D,2.5,2013-05-05 16:47:45
_qq5zf1367741741,,谁说托尼没有方舟反应堆就不能做钢铁侠了，3代里的战衣都是独立的能源了，不需要托尼身上的能源，只要有科技，别说托尼了，谁都可以穿战衣的。3的结尾是说托尼以前太依赖战衣了，他想放弃这种依赖。,5.0,2013-05-05 16:20:35
jnl18600545778,,想要变钢铁侠就喝谷粒多吧要是没有最后几分钟就完美了,4.0,2013-05-05 16:04:43
orE18306487192,,我就不知道中国元素那几分钟是哪个次元穿越过来的天雷大剧，，好好的一部千万给毁了,4.0,2013-05-05 15:41:03
LPX13625663731,,因为是钢侠迷，所以对三还是期望比较大得，但是看完以后失望感也不小。,3.5,2013-05-05 15:32:51
julia07,,感觉还行，没有钢铁2好看，不过看结局感觉不会出钢铁4了,4.0,2013-05-05 15:25:17
G176193408,,只是没有字幕，其他都非常好,5.0,2013-05-05 15:11:33
小狼_Mark,,非常好看，难得的一部看电影！看最后的结尾，貌似不准备再拍第四部了！,5.0,2013-05-05 14:55:52
妖尛孽,,去三亚玩，想说体验体验别的地方的电影院如何！只有一个感觉臭〜臭死了，不管是狐臭味还是空调臭味，都可以恶心死人！不过钢3很不错，就是等冰姐姐等的黄花菜都凉了才出来！,5.0,2013-05-05 14:20:30
aiai526565,,小萝卜特糖蜜就是高富帅，魅力男。大爱,4.0,2013-05-05 13:52:20
_qqh8n1366027277,,╯﹏╰没什么刺激感，若不是我看的是3D的恐怕早就睡着了……,2.5,2013-05-05 13:31:45
DQK18682126042,,我看的是IMAX3D，感觉除了字幕有感觉其它就是屏幕大点，坐倒数第二排比较好。还不如看普通3D便宜又实惠,3.0,2013-05-05 09:28:13
日照青天,,是不是IMAX版的啊,5.0,2013-05-05 09:18:34
_qq8ms1366477004,,"骗中国人的烂片，和宣传完全不相符，是好莱邬忽悠中国人的又一烂作。中国演员的戏份是1/1000,这就是宣传的中国元素。",0.5,2013-05-05 08:52:42
我是一个复杂的人,,范爷好苍白，哎，画面精美，情节除了我们的人加的有些牵强外其它还好；托尼需要你！你需要托尼！,4.0,2013-05-05 08:47:51
影影发烧友,,不错 看的很爽 美式幽默 时间过的好快啊 感觉没看够呢 感觉的真不一样 值得一看！,5.0,2013-05-05 08:41:28
宝贝的妈咪778,,还不错的3D效果～和宝贝去看的～宝贝竟然睡着了*^o^*还有搞笑的场面～～,4.0,2013-05-05 08:39:51
CNx687625168,,搞不懂分这么高。剧情很一般，3D效果很烂不如2D，中国元素莫名其妙!,1.5,2013-05-05 07:02:34
炫岑,,根本看不出来好在哪,1.5,2013-05-05 05:17:29
tianernaka,,确实不如一二好，第二部貌似太科幻了。这部直接大回归，小遗憾。动作技术演绎都不错，故事情节一般，有点喜剧化了。范冰冰那段真的很二。完全不是护士，就是走猫步学嗲来的。太不搭了。,3.5,2013-05-05 03:28:34
yyyyyy奕,,这是我近期看的最不错的一部片子了，钢铁侠很帅！！最后的烟花也很震撼！,5.0,2013-05-05 02:11:45
15286047884,,中规中矩，3D视觉效果个人觉得不错，情节紧凑，剧情没有大的漏洞。除了王学忻范冰冰的片段连接比较勉强外，挺好看的。,4.0,2013-05-05 02:11:17
Fox111111111,,爱屎小罗伯特•唐尼了！！！好好看好过瘾，范爷虽有范，可惜尾巴部分范爷跟王学坼的出现这大片里显得还真多余，好莫名奇妙。,5.0,2013-05-05 02:03:18
NiMaDB,,沈阳晚报5月4日报道，电影产业工作者尹先生告诉沈阳晚报记者，在世界范围内，针对一个国家的市场特意剪辑“特供版”的情况，几乎只有在中国才会出现。他认为，之所以出现“特供版”，主要原因在于中国电影市场越来越大的影响力、中方资本较高的投资能力，以及中国影迷还处于较低层次的欣赏能力有很大的关系，“说句不好听的，基本就是百姓常说的：钱多，人傻，速来。”,3.0,2013-05-05 01:43:46
Makino_,,满分 需要解释么〜,5.0,2013-05-05 01:28:47
三木槿,,精彩啊，看的很爽,5.0,2013-05-05 01:26:24
chimchim,,唐尼太帅了，好有爱啊！ 影片设计不合理啊，那些生化人几秒钟就可以把钢铁侠烧烂，那钢铁侠还有什么用啊？最后范冰冰又出来了，在影院里我恨不得大叫，范冰冰给我滚!!!,5.0,2013-05-04 22:05:39
Tcq408090827,,我很欣赏很喜欢。去电影院的前一天居然遇上影院放映机故障，我不得不退票换一家影院。不过有好的影片看不会影响心情。啥时候出钢铁侠4呢？,5.0,2013-05-04 22:01:13
NGU_,,以前没有看过罗伯特的电影。Whatever that's Great !,5.0,2013-05-04 21:57:16
dDF366558556,,颠覆了钢铁侠在我内心的美好形象，剧情真的实在是太糟糕！钢铁侠在第一部里能抵御重机枪扫射，却挨不过这部里生化人的拳头！一个生化人体内竟然能承受300度高温，并且在3秒时间内溶化钢铁侠的战衣。钢铁侠的高科技吸附弹片装置，最后却不及中国医生王学圻的针灸疗法治愈效果显著。钢铁侠为什么动力源不足？因为他没有喝伊利谷粒多！各种没头绪的无厘头烂剧情毁了一个文明的时代和一个神一样的英雄人物。,3.0,2013-05-04 21:56:30
长江七号-薇,,就英雄主义电影来说，娱乐效果较好，中国演员的戏真是硬往里加啊。印象最深的两个镜头一是一圈的钢铁侠，二是桌上的谷粒多。,4.5,2013-05-04 21:46:31
yrK13877239256,,好看，我很喜欢钢铁侠系列，很精彩，希望继续出,5.0,2013-05-04 21:36:21
行者,,水军猛于水～～～,0.0,2013-05-04 21:33:28
冰水就是冰水,,大剧院团购便宜没好货，电影场好小,3.5,2013-05-04 21:21:05
佩无敌,,还可以'就是华大影院能把我热死,4.0,2013-05-04 21:14:13
_qqnd41349137359,,真不错，有惊喜有感动有科技有人情，最后终于女主角大爆发了，很赞！！！,5.0,2013-05-04 21:09:12
燕子hapi,,刚看完回来，不错，很美国大片。,4.5,2013-05-04 20:39:33
小小小小雪_mm,,今天去看了。我去晚了。少看了几分鍾。不過也沒關係。哈哈很好看呀。太喜歡美國大片了。中途都不想去上洗手間了。真的不想錯過呀。唯一的遺憾就是一個人看的。T_T,4.5,2013-05-04 20:33:39
玲玲雅,,看了觉得还不错吧。有的地方也挺搞笑的。这估计没有下一部了吧。钢铁侠都变成普通人了,4.0,2013-05-04 20:24:51
ILX13771848753,,"看过就没啥念想的那种,所有原型机最后自爆的结局挺悲凉的,—开始在雪地里拖机器人时突然有那么些许感动,可看到这结局啥感动都碎了",3.5,2013-05-04 20:21:39
鱼欣阅,,精彩，但是还是比不上第一部，某些场景对白显得有些苍白，不过很喜欢佩佩救托尼的那一幕,4.0,2013-05-04 20:03:47
_qqhz61363919478,,昨天去ume看了，3d效果不咋的，推荐没去看的朋友，有2d的还是看2d的。但是剧情非常棒，值得一看。,4.5,2013-05-04 16:03:25
_qqxtd1362633106,,好莱坞电影真不赖，值得一看！我好像觉得钢铁3好像是复仇者联盟的续集！大家觉得有木有？,5.0,2013-05-04 15:57:30
憨小妮儿,,钢铁侠一如既往的高科技和帅气于一身，后半段更精彩，3D一般，王学圻范爷有些多余，牛奶广告很无语-_-||,4.0,2013-05-04 15:41:21
eDN698626013,,真心不太好看！两小时电影有些乏味 故事有点乱 有点坐不住,3.0,2013-05-04 15:39:06
Kinryan,,很不错，希望下一步走得更好,5.0,2013-05-04 15:19:00
wuyichen123,,3d比原始人差多了，剧情一般，场面最后有些壮观，就是在黑夜铁皮人看不清，最后出来两个中国人对剧情太不和谐，不过有中国人，电影就同步了！,4.5,2013-05-04 14:44:26
武歌儿,,看的巨幕，挺震撼，就是音响太吵了,4.0,2013-05-04 14:37:38
R.eborn,,钢铁侠一如既往的集高科技与帅气于一身，场面与特效比之前两部有过之而无不及，而且增加了不少唐尼没穿盔甲的动作戏份，剧情是典型美国英雄电影情节，中段有点沉闷，最后范冰冰的出现显得突兀与不协调，还不如删掉，白白浪费大家几分钟。,4.0,2013-05-04 14:36:56
Once878,,还没看，但是，买了明天的票了。**的，之前团UA花城汇也才49的，现在突然就是79了。只好团了梅花园的58了。爆草。都涨价了，就是工资没涨。,4.0,2013-05-04 13:59:36
张小北,,自动脑补删除了中国特供版结尾部分，此片才是4星。其他的，没啥可说的，就是各种打呗。想从这种片儿里看深奥人性神马的，您来错地方了。,4.0,2013-05-04 13:53:00
丶FG丶,,约一位女生同看电影，上海 中山公园，有意留言,4.0,2013-05-04 13:51:28
_qqxm41367645559,,我爱国，但是弱弱的问一句，有必要出现那俩中国人吗？还顺带给什么奶做广告，无语啊。。。,5.0,2013-05-04 13:34:24
呐小懒,,依旧很好看，,4.5,2013-05-04 13:19:03
点点点惯点蛋,,真是科幻类大片，开了几部武装直升机去轰他豪宅，居然没空军拦截，还有王学圻太水了，前面出现几十秒就没了，植入广告也太没新意了，不过还是很好看,4.0,2013-05-04 13:07:30
豆儿小仙女,,广电真烦死人了就不能不剪么,3.5,2013-05-04 13:07:28
Mvo596281319,,丫的，  没预告片给力啊！！！,4.0,2013-05-04 08:39:13
John,,前半段坑长拖拉，后半段算进入正题。感觉还是第一部钢铁侠最好看,3.5,2013-05-04 08:35:28
孟晶767,,还是酷哈哈哈,5.0,2013-05-04 08:19:41
丢失的珼圈儿,,imax看得爽爆了！！果然值得期待！我爱ironman我爱小唐！！,5.0,2013-05-04 08:19:39
璐依然,,感觉后三分钟的影片和前面简直不搭,3.5,2013-05-04 08:05:13
_qqtv51322271388,,我只能说，做钢铁侠的女人好幸福阿,5.0,2013-05-04 07:56:15
包身工796,,再也不会有战无不胜的钢铁侠了，再也不会有幽默风流的托尼.斯塔克，呜呜呜…,5.0,2013-05-04 07:49:35
小帅摔,,还可以  立体感还不错  建议去看,5.0,2013-05-04 07:41:02
szzcming,,看钢铁侠时，看到他恐惧焦虑症发作，一个人蹲在车门边脆弱无助的时候，我正中泪点，无比难受。我能接受钢铁侠死，但是我受不了他哭。,5.0,2013-05-04 07:27:19
胆小鬼Y_F,,还好，比较震感。,4.0,2013-05-04 06:56:57
祥安于现状,,一般般就字是3D的！,3.0,2013-05-04 06:36:55
reder910723xwj,,在美国看的，真爽！,5.0,2013-05-04 06:36:13
_qq3c61366015042,,希望有个固定的电影搭档。。,0.0,2013-05-04 06:05:44
vuq874942683,,好看里面小男孩有句话太好玩了，我爸去买彩票了，我想他是中奖了，因为他去买了6年还没回来,5.0,2013-05-04 02:42:48
Second,,好看，真想象不到会有那么多人看，赶去影院想看21：30场次的3D版都没票了，只能看22：00场次的2D版，不知道还会不会拍《4》……,5.0,2013-05-04 01:57:44
18997137904,,非常好看    很幽默,5.0,2013-05-03 22:39:15
longjiu888,,真心觉得广电的翻译还不如论坛里的大侠翻译的到位！,4.5,2013-05-03 22:20:49
Miss玉玉,,这部三个地方让我印象深刻：1范冰冰的最后出现让我瞬间想起泰囧~2伊利的广告又抢镜了~3盔甲关键时刻出现后被绊倒散了那段很搞笑~,3.0,2013-05-03 22:20:22
小鞋子summer,,还不错、挺好看的。不过那范爷是打酱油的吧，有点那啥的。,4.0,2013-05-03 22:11:16
ZG葉,,就这样结束了。有点遗憾啊。,5.0,2013-05-03 22:06:23
ohengo,,外国的科幻片就是好看，剧情很好，主要这次的钢铁侠的盔甲又这么有创意，美中不足就是加中国的一点，实在是硬填上去的，感觉演的是两部电影。,5.0,2013-05-03 22:02:26
哈_7,,很不错的片子，适合在电影院观看！期待下一步！,5.0,2013-05-03 22:01:19
hwujagq,,太精彩了，觉得最后不加中国戏份还好些。,5.0,2013-05-03 21:37:51
邓晓洁,,钢铁侠质量上不去。。。就只有数量上去了。。。,4.5,2013-05-03 21:35:29
_sina70545326121,,整部剧下来很不错，可是，结尾那俩打酱油的，也太业余了吧，看不出有任何值得出镜的地方，或许只是为了讨好国内一些观众～,4.0,2013-05-03 21:26:10
奥利凹,,很好看，但看完之后有点失落，不知道以后能不能再看到钢铁侠了，快出4！！！,5.0,2013-05-03 21:08:06
爆你菊花哈哈,,这是不错的一部国际电影了吧，但是貌似没看到吴京。总体来说还不错，希望再接再厉。就是希望大家看imax的，非常棒！,4.5,2013-05-03 20:55:51
DIh230005673,,好喜歡這部電影…,0.0,2013-05-03 20:54:45
塞皮丁,,棒极了，比我国的电影好的多！真佩服！,5.0,2013-05-03 20:43:17
OXY13610888661,,什么吖排长的对告诉我只能看上月9号之前的！,1.0,2013-05-03 20:40:20
_qqkv41363502366,,没有一二，好看,3.0,2013-05-03 16:24:46
_qq37k1367452154,,好看好看。 视觉效果很棒。,5.0,2013-05-03 16:03:00
mjh886595,,好看啊！爽到自己都想要一套,5.0,2013-05-03 16:02:58
MissQ1988,,3D效果一般，最后场景是个亮点。结尾有点难过，钢铁侠把胸前亮亮的东西扔了。是不是代表着银幕上不会再出现钢铁侠托尼。,4.0,2013-05-03 15:58:43
有点烫呢,,这是继复仇者联盟之后让我再度惊艳的影片，小唐尼·罗伯特已经凭借钢铁侠深入人心，如果有没看过钢铁侠第一和第二部的，请好好欣赏一下。也感谢斯坦·李画出这么一个英雄，向原作者致敬。,5.0,2013-05-03 15:57:46
亦詠恆,,个人觉得不错，很激烈，钢铁侠算是很注重主人公心里纠结和思想活动的超级英雄片了，片尾没什么不好，不理解为啥都说不协调，从人变成半机器，再从超级英雄恢复到正常人从中体会到真谛，挺不错的，还是有点小私心，希望还能延续，虽然无伏笔了，希望一直有正义英雄的存在...,5.0,2013-05-03 15:57:03
eqA758026055,,中国3D搞的这么差，跑到外国拍电影只有做恐怖分子的份  ！           哎！不知道怎么说！,3.0,2013-05-03 15:56:45
灵儿c,,最后范冰冰的出场让结尾变得不知所谓，果断剪这段是应该的。,3.0,2013-05-03 15:44:14
pansuman,,值得票价！喜欢心新颖的科幻效果,5.0,2013-05-03 15:31:25
小糖613,,总体都很棒，，超喜欢男主角的演得真棒，，后面的场面真的很精彩，最喜欢看盔甲飞来救他的部分了，真的好棒好棒，，所以力挺偶！,5.0,2013-05-03 15:27:29
kingjialp,,有点失望，几个朋友一起去的，中途他们都打瞌睡了。没有新意，特级还行吧,2.5,2013-05-03 15:26:25
最低权限,,画面炫，装备酷。美中不足剧情有些地方节奏太慢,4.0,2013-05-03 15:23:14
Yuki_闫小妍,,3D效果真的很炫，据说为了中国市场还加入了范爷的戏，但是真的很一般般。,5.0,2013-05-03 15:16:49
yh5015,,影片拍的很精彩，特技很炫！最后的数十套钢铁侠盔甲大战生化人很过瘾。就是…托尼最后是中国医生医好的！这个不知道该怎么说…影片太抬举中国的医疗水平，以及医生的素质了，这个好像是对现实的讽刺哦！纯属个人观点。,4.0,2013-05-03 15:13:55
爱喝水的小孟尝,,范冰冰和王学圻突兀的剧情好跳戏！！最后侠子们爆炸成烟花的场面好浪漫啊好浪漫！！某人看的很激动和兴奋〜,4.0,2013-05-03 15:13:05
_qqht41367547203,,非常想看啊，怎么办啊,5.0,2013-05-03 10:14:15
图腾蛇165,,钢铁大军!!身体素质不行，不然换装还可以更飘逸。,5.0,2013-05-03 10:06:37
sAs13551323265,,现在的大片都是3D又是英文看的我老火，看的到字看不到人看人又看不到字了，，哎，，还是喜欢2D啊,0.0,2013-05-03 09:53:10
YvT13809898121,,抵制《钢铁侠3》       在电影中，导演有意将恐怖分子的名字和普通话的英语 mandarin发言相同，有意使恐怖分子和普通话和中国关联，用心之险恶，让人气愤。       广电局只知道光屁股的要减掉，可如此侮辱性的东西却能通过。       要打广电局的屁股了。,1.0,2013-05-03 09:51:41
nHY15066568309,,很好看，做梦都在想那套钢铁衣服…,5.0,2013-05-03 09:10:13
弋阳阿三,,老美特技走过路过不要错过。,4.5,2013-05-03 09:09:40
Gary223,,好看。小唐尼帅爆了。就是王学圻和范冰冰的出现真的好山寨= =,5.0,2013-05-03 09:02:08
梦见乌鸦001,,#影评#没有一个比会耍贫嘴的大叔更有爱的了，小罗伯特唐尼成就了钢铁侠，也让铁汉的自愈之路变得比较有看点，特效并不多，人物才是关键。两点建议：别看3D，尽量选择2D观看，其次天朝的部分是另一部电影，叫做《急诊室的秋天》,3.0,2013-05-03 08:56:00
风华决1991,,太棒了，不过加的中国元素很傻。,5.0,2013-05-03 07:34:26
杏玉泰,,还是这个味，看的很激动，可惜了最后几分钟，我都不知道什么时候天朝的医疗技术已经远超世界了，而且是心脏方面,5.0,2013-05-03 06:47:31
_sina31815269007,,真水！！ 不过还是熬夜看了,0.0,2013-05-03 05:57:43
Taj13971680811,,实在是一般般，我看着看着就睡着了，然后就就被轰轰的得声音吵醒了。实在是不咋滴！,2.5,2013-05-03 05:48:13
Eilsens,,剧情紧凑，特效给力，值得一看，开场前的广告差点让哥笑喷！特别是“谷粒多”！ 最好几分钟的中国情节让哥很无语！,4.5,2013-05-03 01:41:26
lily萍8997,,总体来说很不错。剧中的托尼很帅，很酷！只是最后几分钟被亮瞎了（可能是为了照顾中国观众，稍微能理解。。。）但最后那个＂果粒多＂也忒.....,5.0,2013-05-03 01:29:11
_qqx2c1367512897,,**的，这怎么看啊，**,0.0,2013-05-03 01:22:33
小咩米,,不好看比起疯狂原始人差一截！,2.0,2013-05-02 22:30:45
红鱼emma,,"刚看完回家。还好吧，没有评论那么差。不过确实最后那点点有点怪怪的～～笑点还行，会不会有下一步呢,？？？？",4.5,2013-05-02 22:03:30
NtH15606066055,,我想知道90的跟130的票有什么区别！,5.0,2013-05-02 21:59:19
kimikostyle,,视觉效果还不错 剧情不敢恭维 中国打酱油莫名其妙,3.5,2013-05-02 21:49:26
xjq36cl3,,只能说一般般 还无敌元史人好看,0.0,2013-05-02 21:32:58
半圆D,,值得一看！nice,5.0,2013-05-02 21:31:44
董小漆,,很好，紧张刺激又有搞笑，没有让我失望，就是加的中国元素不太和谐,5.0,2013-05-02 21:28:44
花开相依cc,,跟一二部比是差一点，总得来说还是好看的！,3.5,2013-05-02 21:18:44
sustitch,,剧情一般，看到队列之末里的女主算是惊喜吧，不过也很快挂了。打斗比起以前的几部减少了，治愈系小萌孩是亮点。,3.5,2013-05-02 21:16:53
_qqkw21367387906,,金典影城1号厅好冷啊，空调太低了，能不能调高一点,0.0,2013-05-02 20:40:48
魏筱雨867,,和朋友一起去看的，感觉最后群侠出动时最精彩~喜欢~,4.5,2013-05-02 20:35:29
ewa87044754,,这里怎么看不起来啊,0.0,2013-05-02 20:23:39
拖你妹的广电局,,不管怎么说，我们还是有的看，只是可惜了一点，对于影迷的我来说 还是非常期望能看到完整版的,5.0,2013-05-02 20:21:42
Give_,,比起1、2差太多。钢铁侠3想为主角来个华丽转身，但是没有定位好钢铁侠的人格魅力！不吸引人！（而且剧情漏洞较多）,3.0,2013-05-02 20:20:15
yoryyau,,好好看啊，……,4.5,2013-05-02 20:13:30
SimonYang,,亲们，求帮助，手贱想体验下手机购买过程，结果…竟然购买成功！沪西电影院…谁来陪我电影啊！！啊啊啊啊啊 不是3D好像,5.0,2013-05-02 17:30:33
艳子7758521,,速度与激情6要上映了，多少钱我都想看！,1.0,2013-05-02 17:25:58
dKv598932606,,不错，3D效果挺好。。。。,4.5,2013-05-02 17:13:39
Sap28998464,,第一次忍不住要评论一部电影，总体来说太让人失望了，情节没什么看点，乱七八糟，打斗场面还说得过去。至于范冰冰还不如打酱油的，我觉得让她参演绝对是为了骗中国人钱的。不知道花一部电影的钱看两部电影算不算看点,2.0,2013-05-02 16:55:47
围巾J,,值得一看的，喜欢此类型的电影，范冰冰出场 我在影院尖叫了一声范冰冰！！！太酱油了呼呼呼,4.5,2013-05-02 16:24:20
SYs18714600882,,视觉特效超好，3d效果也不错。就是结局有点仓促。,5.0,2013-05-02 16:15:22
八步稀饭,,都不知道范冰冰和那谁出场有什么意义，不过能在里面露露脸估计也下了不小功夫。整个片下来就是看打来打去，情节一样老套是最终正义战胜了邪恶。不少人表示看不懂，不过画面蛮好看的，不知道编剧知道会不会有伤不起的感觉。本人表示看懂了，就是不知道懂的是不是编剧要表达的。,5.0,2013-05-02 16:12:30
ViP雷杰龙,,还不错，结局很完美，有些剧情挺搞笑的。值得一看，3D效果也很不错…,5.0,2013-05-02 16:06:49
兔宝MioMio,,很不错完美的结局，场景也好，情节很不错，就是不该加入王学圻和范冰冰不搭调情节有做广告之嫌！！,5.0,2013-05-02 16:03:20
_qqw531364038267,,钢铁侠出来的时候声音是挺震撼的，前面也剧情有点无聊加看不懂，后面3d画面还是挺精彩的吧，昨晚看到12点多，累啊！！！！！可能是女生的缘故，也没多喜欢，也不是很刺激吧,3.5,2013-05-02 15:57:39
誰把誰想起,,真的是一般般，没有期待精彩的打斗场面，都睡场咯。,3.0,2013-05-02 15:46:16
coolstar2007,,谷粒多火了！！！,4.0,2013-05-02 15:37:19
VBW13338761120,,好莱坞商业大片够炫,5.0,2013-05-02 15:15:04
WLE18618496778,,真心不错哦，不要中国部分的话……,4.5,2013-05-02 14:54:15
_qqct41367067362,,我是山西的男的    那个女的和我去看电影啊     要单身,5.0,2013-05-02 14:50:22
_qqswz1367463441,,恩，首映就去看了，画面超劲爆。你值得去看,5.0,2013-05-02 10:58:18
yxE94193854,,中影火山湖电影院有个变态露体狂、怎么他就没****、提醒女性朋友小心点、有点瘦、175cm、带着一付细框眼镜、穿白色衬衫、手里有一部白色手机、整个一斯文**、希望他能***、,0.0,2013-05-02 10:43:37
徐米米0722,,效果很好哦，很惊险,5.0,2013-05-02 10:43:22
QOf15937184667,,动作超炫，里面的中国元素一般！！！,4.5,2013-05-02 10:39:27
大圣911,,看的首映，也许是期待值太高了，以至于看到片子时失落感倍增，没有前几部好看。,4.0,2013-05-02 10:24:31
男朋女友,,哎本来很期待，但是不怎么好看，3d效果也不好，失望了，看不懂，没蜘蛛侠好看，就最后十几分钟很快,2.5,2013-05-02 10:22:24
zhaofan521,,太棒了，精彩。,5.0,2013-05-02 10:13:03
francis001,,收山之作，太好看了，那么得震撼，那么的完美。就是中国版后面那些，不太好。其实可以删减掉。太老鼠屎了。,5.0,2013-05-02 10:10:32
candy03160601,,剧情一般，没想象中好看，中国人和外国人的转换播出，让人觉得有点穿越的感觉，对白比较多，钢铁侠打斗的场面加起来30分钟不到，不太过瘾！,3.0,2013-05-02 09:41:21
Banter森,,剧情一般般，不算太精彩，效果勉强过得去，加入中国人一点一点意义都没有，纯属卖果粒多和联想的广告，我还不懂为什么要来中国做手术呢！比前两部差多了！,3.5,2013-05-02 09:21:23
lea阳阳,,很好。只是最后中国人打酱油的片段好雷呀,4.5,2013-05-02 09:18:48
残空阿鼻777,,总体可以的！笑点不少！特别是最后我知道了千万不要惹女人生气，女人生气起来不是人啊～～～追一条，广告可不可以不要这么多啊,4.0,2013-05-02 09:11:31
戏里戏外不一样,,3D就不建议看了。眼镜阻挡了体验效果 过程还有很多2D,3.0,2013-05-02 09:10:34
骑着奥巴马闯江湖,,昨天看的，不想多说什么，两字:超烂！！！看得都想睡觉。,1.0,2013-05-02 09:08:49
迷途知返不太晩,,不好看的很哦,0.5,2013-05-02 09:04:54
fji13818209407,,不好看，难看死了,1.0,2013-05-02 00:30:26
静水如雾,,最后三分钟可以直接无视，狗尾续貂拜托，无聊！范冰冰打酱油的纯属！,4.0,2013-05-02 00:29:14
_qqfkw1367425168,,整体场面震撼，3D效果一般，结局太狗血，画蛇添足。,4.5,2013-05-02 00:21:04
小鱼爱吃草,,大爱小罗伯特.唐尼，喜欢喜欢，不过场景略显一般，剧情略显老套，如果不是因为主演是唐尼，或许我会觉得很一般，但因为有唐尼，所以，感觉还不错,5.0,2013-05-02 00:20:55
Sandy佳,,两个中国演员在里面可有可无，甚至是多余，但为为什么要把他们加进去呢，美国佬不会不知道这一点，不然美国版就不会把他倆剪掉了。加他们进去不就是为了中美合拍，多分票房嘛，为什么没人骂美国佬奸诈，反倒说是广电和演员的不对了？,3.0,2013-05-02 00:13:50
乐百氏100,,和老婆孩子刚看完3d版，失望！不知是影院设备还是伪3d的过，背景很模糊！搞得影响观影心情，是我看过最差效果的3d片！,3.0,2013-05-02 00:05:43
UYv15814637501,,3D都没什么感觉的   就最后面场面比较好看,4.0,2013-05-02 00:00:02
shily1999,,本来想给满分，但是想到某些机构对其进行了删减，就气不打一处来，虽然错不在影片方。镜头1:副总统的女儿是个残疾，证明副总统有很大嫌疑，但是没有下文了;镜头2:军人小弟与老大有争执，本想着这俩有一场争斗，但是也没下文了，估计都删掉了，八点十分到十点十五，才两个小时，据我估计最少删了十五到二十分钟。想到这么精彩的电影被删了这么多，无语了！,4.5,2013-05-01 23:52:14
于海洋416,,刚看完，总体来说还不错，被光腚局剪掉的痕迹不是很明显，可以在影院里感受一下气氛，然后再在网上看完整版的。有2D的不要看3D的，3D除了字幕是立体的外，其他的真没什么立体效果，戴个眼镜还把亮度降低了，有些地方还得把眼镜取掉才能看清。,4.5,2013-05-01 23:49:48
梦回大唐Daniel,,去掉范冰冰和王学圻，就非常完美了，这俩与剧情严重不符，纯粹打酱油的,5.0,2013-05-01 23:48:22
冰紫馨,,钢铁侠就是典型的高富帅啊～就是那些装备太浪费了～,5.0,2013-05-01 23:39:42
Cats_mis,,还好把。有点失望。觉得有些商业化。两个中国演员后面那里实在是很生硬。前面一顿叙述，后面就10分钟打斗。。还那么惨。总体来说值得看。就是不要期望太高了。不明白第四部要怎么演下去。。。,4.0,2013-05-01 23:39:32
Jonsu521,,还好吧，没有什么太吸引人的地方，还不如复仇者联盟好一些。,3.5,2013-05-01 23:39:09
小萝卟陶,,今天去看了，画面感觉不是很清晰，不知道是影院的问题还是什么。,4.0,2013-05-01 23:37:46
全员加速中,,无与伦比的视觉震撼！好可惜，小唐尼只出演到第三部....真希望他能继续演下去！,5.0,2013-05-01 23:32:10
宝宝的派小星,,本来很期待期待的电影，剧情 ，主角都是那么完美.。最后加了两坨屎。。。。哎,5.0,2013-05-01 22:29:21
GWn13886180567,,有点失望，没有想象中的好看，但是还算可以，觉得没有第一部，第二部好看,3.5,2013-05-01 22:23:40
苑广胜,,中国元素，狗尾续貂！,5.0,2013-05-01 22:19:45
完美宝宝,,还行吧，前面看着很一般，后面稍微精彩点，只是搞不懂范爷角色的必要性。。。,3.5,2013-05-01 22:16:31
lanyying1314,,希望5-3快点到来！,2.5,2013-05-01 22:12:03
ys9992012,,马马虎虎，实在搞不懂我们的两位同胞还缺这种角色吗，嗨。。。。。无言。,4.0,2013-05-01 22:10:00
NxV208446823,,今天刚看完，没想像中好看，场面一般，女演员长的也不好看。3D效果也不好，没大润发的3D电视效果好。好像还有继集。在虹杨看的,2.5,2013-05-01 22:08:47
Hey_刁小兔,,黑一般那！不怎么好看,4.0,2013-05-01 22:02:59
张1洁,,被拉去看的 我向来不看这类片子 真心好看,5.0,2013-05-01 22:00:14
Dtp18229192965,,如果有负分的话，我给负十分！浪费我的等待,0.5,2013-05-01 21:58:10
_qqvx41367363955,,今天总算看到了期待已久的终结篇钢铁侠3.感觉很好看。3D效果很棒，情节也很有趣。范爷纯属是打酱油的，露个脸。怪不得在美版不会出现了。,4.0,2013-05-01 21:40:20
铁人王828,,"没有预期的好玩,最后3分钟是多余的范爷成功的打了酱油",3.0,2013-05-01 21:37:43
爱吃藕不怕丑,,专门跑去看首映？还不错把，最后那两分钟硬生生加个范冰冰出现，觉得很让人差异很,4.0,2013-05-01 21:37:11
juliet1262,,看后十分感叹中医针灸在西方人眼里是那么的神秘无所不能，惊讶王学圻范冰冰竟能国际化到融入不适合他们风格的科幻大片，于是一顿查找评论，原来在美版中，这别扭的3分钟是不存在滴！真不知道这是迎合谁滴口味！,5.0,2013-05-01 21:31:58
大雪无痕9099,,有点扯了，情节一般吧。,3.0,2013-05-01 21:28:46
安娜潘,,有劲没？？？,2.5,2013-05-01 18:28:22
慕布斯小爷,,我超喜欢钢铁侠，我和托尼超像，很男人，喜欢腕表，超跑，钢铁，幽默，科技，等等，这部电影典型的好莱坞式的幽默动作大剧，但是还是传统的流程一样，最后的托尼的举动让我很误解,4.5,2013-05-01 18:28:01
YingXiaoHang,,好看。看的IMAX。效果很棒啊！,5.0,2013-05-01 18:07:48
CEZ13699578780,,场面很大 3d效果还行 值得去看,5.0,2013-05-01 18:05:33
观而深望而彻,,无知道大多数,5.0,2013-05-01 18:02:50
单身冰封,,今天上映去看了看，感觉效果不是那么好！只能说一般。。,4.0,2013-05-01 17:51:36
亦洁3,,很好看非常棒的一部电影,5.0,2013-05-01 17:40:01
书匠李,,爱死你了！太帅了。,5.0,2013-05-01 17:35:37
老李19688,,各种笑点啊！~~,5.0,2013-05-01 17:32:47
默蝶飞儿,,没浪子剧情，只有火爆的场面。,3.0,2013-05-01 17:32:13
梵高旳向日葵541,,非常好看，尤其是最后的钢铁大军，看的我，，，,5.0,2013-05-01 17:28:10
我0ne,,碉堡了，巨幕效果还不错，最后小辣椒变无敌了。强烈推荐,5.0,2013-05-01 17:26:51
13838535219,,同样是通过猫眼进入美团买票，用苹果买10 元，用安卓买18。奇怪,0.0,2013-05-01 17:24:49
晓缘倾城,,为什么每次都是广告啊！实在是影响我看电影的心情！,0.0,2013-05-01 17:12:51
summer800404,,凑合，好像中国的古装片，飞来飞去的！,4.0,2013-05-01 17:05:45
_qqnvw1367387307,,请问电影院里的配音是原配吗,0.0,2013-05-01 13:49:13
古树医生,,后悔！不是一般的后悔,3.0,2013-05-01 13:45:44
robin2046,,忽然好想去看场电影。,0.0,2013-05-01 13:45:15
JASon琛,,好看啊，不枉我看首映，不少的亮点，特别是钢铁侠装超多的，还能遥控，略叼啊，最后的BOSS的消亡告诉我们穷屌丝是打不赢高帅富和大后期其实是女主，虽然我觉得女主真心有点老。还有就是男主演技感觉很不错,4.0,2013-05-01 13:41:53
风中追风sty,,为：广电为何删剪电影？答：显示存在,5.0,2013-05-01 13:41:52
bubuyueli,,好看！！！而且字幕后还有一句话，证明钢铁侠没打算退休，幸好返回影厅把字幕看完，否则会很沮丧。那个什么谷粒多挺膈应人，结尾还必须出场一次。片前广告太搞笑——钢铁侠没能量了，谷粒多跳出来提供能量，还有啥中联重科，真扯。3D效果没有特种部队2漂亮，但是影片整体很好。,4.5,2013-05-01 13:28:08
陈炯安,,对白太多，精彩场面太少！3D效果没有想象中的好。说实话，看到中途，感觉瞌睡。唉！失望……,1.0,2013-05-01 13:27:49
_sina84369377150,,阿阿阿阿~广电总局,0.0,2013-05-01 13:00:05
Yoon_小宇,,看完了，有悲伤有纠结，国版比美版还长了3分多竟然没彩蛋！！！！我恨！！！,4.0,2013-05-01 12:57:56
逆光之日,,看的首映，很不错。。不只是场面，更重要的是让人们看到超级英雄也有脆弱的一面，但是他们之所以为英雄就是能在关键的时刻挺身而出。“老大”很淡定，钢铁侠很富有，女人发飙很暴力，范爷很龙套。9分应该是值得的。,4.5,2013-05-01 12:49:05
Ygh684103527,,今天去看，有木有女孩一起去的！留言,4.0,2013-05-01 12:41:51
eWM253268632,,1、2、3除了女主角电影的其它都完美极了,4.5,2013-05-01 12:25:35
huizai234,,昨晚半夜去看首映，妈的，满场了，害我坐第一排，看的好辛苦！场面对得起票价！剧情，就一般般！比不上 原始人,4.0,2013-05-01 12:20:21
aidudu520,,无语呀，不想看,0.5,2013-05-01 12:17:29
13862597594,,为什么总要3D的呢，看着累，有没有2D啊！！！,0.0,2013-05-01 12:14:06
尒哴,,原本一部很好很完整的130分钟的电影，却被一个没有知识面的广电剪成了120分钟，如果120分钟包括 结尾的话（演员介绍） 那看到的不就更少了，花钱去看电影，却看不到完整的电影，真的让人很郁闷！大家说是吗？同意的话大拇指！,5.0,2013-05-01 08:15:33
不参与任何争端,,我没有温柔，唯独有点英勇。,3.0,2013-05-01 08:10:32
qTo18073700086,,不错，没让我失望。比致青春好多了。,5.0,2013-05-01 07:59:03
小海,,漫画迷估计会不买账吧，但路人粉已经很欢喜了！这场万达CBD的氛围真好啊，数不尽的掌声和尖叫。为了妮妮，五分！,5.0,2013-05-01 07:09:00
梦想I佳,,也不怎么样啊！不如致青春和原始人,0.5,2013-05-01 03:54:07
_qq5fd1365348571,,我想问，最后面那一小段是不是国人添上去的？？？？？？？？？！！！！,5.0,2013-05-01 03:29:57
蔬菜大虾,,期待已久，不失所望！,5.0,2013-05-01 03:25:56
吃萝卜皮不吐萝卜,,最后三分钟让我第一次体验到了从美国大片儿跌落到国产山寨片的感觉，真是太TM爽了（我呸）,5.0,2013-05-01 03:18:11
qyo18029841446,,我也来评个比前作好看多了，因为前作很一般，现在只能说过得去，只是宣传得太好了，没达到我的期望,5.0,2013-05-01 03:17:41
T好好先生T,,超越妇联了！真的好看！,5.0,2013-05-01 03:12:27
bce15620628781,,不错昂！  后来出现那个多钢铁侠   这么晚还去电影院看首映  困死我了  ，算对得起这部电影了  最后真挺精彩的。,5.0,2013-05-01 03:11:25
小晓的人人,,超赞，IMAX就是爽。感觉比看第一部时候还有赶脚，冰冰大酱油,5.0,2013-05-01 03:04:56
mjk15888802872,,老公说没有原始人好看 我是觉得挺精彩的,5.0,2013-05-01 03:00:46
苏格拉底先生,,刚看了！！！！！！**，范冰冰果断是酱油！哈哈！我是实足钢铁基，翻译太扯了，不知所云！感觉删减太多，很多地方明显不连贯！还有就是，**国内把3D弄得太糟糕了！完全没效果！,5.0,2013-05-01 02:55:01
斌仔abc,,期待了一年，果然没有令我失望，太好看了,5.0,2013-05-01 02:54:52
Ocean_Jiang,,票终于订下来了 明天一定要享受极致观影体验 imax+3d,3.5,2013-04-30 22:17:45
tt48913686,,零点场的好便宜啊才80  明天白天就要180了 imax3D,5.0,2013-04-30 21:40:12
磨砂玻璃瓶,,虽然不能看零点，但是 明天也要把你拿下了,5.0,2013-04-30 21:26:43
haidaomm,,期待中啊'终于上映了'嘿嘿'有重庆的么'一起看咧,4.0,2013-04-30 21:22:33
Dsu13802219950,,非常期待！好久没有这么震撼的大制作的科幻片了！首场拿下！嘿嘿！,0.0,2013-04-30 20:24:02
_qq2sx1367309686,,有被删节吗???有两个小时诶,0.0,2013-04-30 16:16:02
有钱就是得任性,,美国大片在中国提前上映了，还多了几分钟，真是个奇迹,5.0,2013-04-30 15:13:19
牛逼,,我崇拜的钢铁侠，崛起吧！…,5.0,2013-04-30 14:32:37
麦田1061,,当一次当下小白。。,4.0,2013-04-30 14:01:09
_qqzm21366817331,,台灣4/24上映國際版的，大陸5/1上映中國特別版的。特別版的比較值得等待吧，看過台版了，期待特別版,5.0,2013-04-30 13:19:42
hnk257401122,,什么时候我们能看到原汁原味的国外大片，每次就知道删减....删减,0.0,2013-04-30 11:43:05
happycyan,,热门评论里全是水军啊。。。。。哎。。。。是闹哪样啊。。。。。,4.0,2013-04-30 10:28:51
KRIS_STUWART,,干嘛51上映啊 人山人海的 我还想看啊,5.0,2013-04-30 08:52:55
大大果果果果,,昨天还是130呢，怎么今天变120了？求解,4.0,2013-04-30 07:19:55
海绵海绵5234,,我很想知道说删减的到底删哪里了？不是多3分钟么？？而且，北美都没上映，谁对比过了么非说删了？,0.0,2013-04-30 01:41:17
