秋在心头,石家庄,为什么以太粒子伤不到女主角？ 为什么神域没有大型重型武器？ 为什么洛基怎么死都死不了啊？ 为什么雷神3里看不到女主角了？,4.0,2018-05-29 21:54:46
晴天大少爷,北京,精彩的雷神漫威超级英雄,3.5,2018-05-27 14:58:19
壹個人de情歌,杭州,比第一部好点。全片精华也就是等洛基出狱后跟锤哥“谈情说爱”那一点让之前显得沉闷的剧情活泼了起来还时不时吐槽复联😑。娜塔莉·波特曼虽然很美可是依然感觉不出她对于这个系列来说有什么用因为分明是兄弟情而非男女情啊...反派boss依然还是毫无逻辑的挂掉白再前面铺垫那么多感觉很屌的样子不过这个系列真的让我爱上了洛基😋,3.0,2018-05-21 14:01:51
攸涕,贵阳,来回的时空闪跃，虽然毫无讲究，但也增添不少视觉的冲击，想要努力洗白洛基，然而却埋下烟雾，与简的人神恋相对比较简单，大多是为推动剧情需要，显得有些薄弱，而且托尔的性格太过单一，从最开始的冲动易怒一下子变成正儿八经地老好人，与其他超级英雄相比缺乏一定的亮点，确实稍逊一筹...,2.5,2018-05-20 14:26:28
羁客,北京,作为雷神系列的第二部，最大的谜团就是结局奥丁的去向，直到第三部时才解开谜团,4.5,2018-05-17 18:27:09
BKBK,咸阳,漫威10周年！ 向漫威宇宙致敬！,4.5,2018-05-12 15:11:07
UkU234082050,杭州,不错，非常好看,5.0,2018-05-08 17:03:31
始无道,昆山,忘记讲述的是什么故事了？,3.5,2018-04-20 17:11:11
Swiftie恒,信宜,以太粒子，好玄乎的名称！,5.0,2018-04-19 23:36:38
恭喜发财119,上海,一般一般般般,3.5,2018-03-27 20:56:27
逗逼男神,上海,视觉效果还算华丽，然而剧情平庸到除了引出以太粒子，还剩下什么？麻辣鸡丝？基情诀别？连女神娜塔莉波特曼都只能靠打两大男神耳光刷存在感！,3.0,2018-03-17 12:17:22
s1203120163,郑州,相比第一部更加玄幻。,4.0,2018-03-15 08:44:34
yl721yl,,电影总体非常不错，场面剧情都很好，也很有笑点，要是时间再长一点，和boss的决战再长一点，就更好了，最后的伏笔埋的很好，第三部来吧,4.5,2018-02-14 20:39:54
Desenlace,信阳,这剧情 物理教授都不看懂😂😂😂,5.0,2018-02-10 02:14:36
清平乐cj,上海,第二部感觉并没有第一部好看，虽然特效全开打斗激烈，甚至连王后都牺牲了感动了很多人包括洛基，但是反派头领貌似除了“以太”这件强大的武器以外就属“毁灭者”最为强大，头领本人并没有太多能量，而且消灭了黑暗精灵断了臂膀就能解除“以太”的魔咒也不甚理解，不过九大行星之间来回穿梭打斗插科倒是也挺逗趣的！,3.5,2018-02-02 10:43:56
hnht2015,绵阳,挺好看的，。，,4.0,2017-11-01 21:08:41
Gjf783346877,张家港,还行。就是有点夸张了。,4.0,2017-10-07 18:02:00
jixuewen,北京,烂七八糟的，就是把一推英雄拼凑挣钱。我不喜欢现代科技和古代神话英雄结合的题材，这样到底说神力好还是说科技好？,2.5,2017-10-05 15:17:33
叮当响,东莞,不算太优秀但值得一看，83分,4.0,2017-10-04 10:45:39
阿焰并没有钱,天津,时隔两年后的雷神2里的服装造型以及特效真的比前一部好太多了，阿斯加德的美景也变得越来越好看了。这部电影引出了无限宝石中的现实宝石，不愧是六颗宝石中最难用的一颗，作用得看到最后面才能懂。每作中的娜塔莉波特曼都是花瓶作用，也难怪人家退出了呢。这部的反派可以说是丑爆了，还是小boss比较帅，前部冰霜巨人虽然也不帅但是寒冰手刀这招酷炫啊，黑暗精灵看着就抽丑。彩蛋则是银河护卫队的，挺让人惊喜。,4.0,2017-09-29 23:49:12
荆棘鸟泥泥,宜昌,可以非常好看,5.0,2017-09-07 13:34:57
mfwic0419,沈阳,我就想问这些反派们之间认识不？,3.5,2017-08-30 22:25:29
chiyan42,北京,雷神妈妈的死，让人很难过，超喜欢洛基这个角色，刻画的很好,4.0,2017-08-24 00:10:36
AK117,北京,开始雷神连续剧,2.5,2017-08-21 12:40:47
小麦飘飘飘,广州,能说主要来看洛基吗😳,4.0,2017-08-09 10:48:17
先輩,北京,北欧神话和宇宙科幻的奇妙结合。精彩程度明显超过前作。,4.0,2017-07-26 01:02:12
RR22228888,深圳,不错不错不兔子,5.0,2017-06-24 23:50:06
lnC212653728,上海,大爱锤哥(ΦωΦ),4.5,2017-06-17 13:50:57
qzuser,荣成,那个反派演技真好,4.5,2017-06-15 20:48:31
小小兔兔兔,贵阳,雷神很帅啊！！！好看,5.0,2017-05-30 22:46:55
sorry616,重庆,喜欢抖森，下部多给镜头吧,4.0,2016-11-13 12:24:20
a44553322,重庆,……在这里等你们哟、一定是因为自己不想去除黑眼圈都不要来个自拍一个人,5.0,2016-11-12 12:29:35
_qq5741383999138,广州,很好，人不多,5.0,2016-10-28 15:12:45
Dicker.T,成都,手握无限宝石的大魔法师被自己的飞船砸死了,3.5,2016-10-22 20:59:33
gqS518343925,徐州,你好我是一个很赞很大程度的时候你,5.0,2016-10-03 16:35:54
aaday0203,重庆,还是不错，期待续集,3.5,2016-09-22 07:41:46
GVG_NP,福州,期待第三部~,5.0,2016-09-16 12:35:06
sjl2151,红河,莫提咯哦哦无聊咯my,4.0,2016-09-10 11:45:08
gjcx886,,老套的剧情。,3.5,2016-09-06 00:01:56
tangjx0817,重庆,你的锤子，让我背的好沉重,4.0,2016-08-23 13:38:50
GEM0816,上海,漫威电影宇宙第二阶段第二部，总第八部,5.0,2016-08-21 14:51:51
布鲁斯·哥超有钱·韦恩,龙岩,最后洛基的那一幕占领阿斯加德………………天呐真的是诸神的黄昏剧情的彩蛋！！！期待雷神第三部,4.5,2016-08-17 15:23:32
zjl1540,长沙,好看，很喜欢，没让我失望,4.5,2016-08-16 18:27:03
songjbo,重庆,不错哦，值得一看,4.5,2016-08-16 08:01:48
海风吹小强哥,北京,漫威出品，必是精品,5.0,2016-08-05 16:37:41
六弔花,天津,超级英雄片一步也不能错过,5.0,2016-05-31 17:17:06
DreamGirLBeal_鉋,东莞,來說也不能把柄⋯⋯,5.0,2016-05-30 23:17:53
阿fur,北京,还是依然精彩！,5.0,2016-05-29 23:50:07
lz龙文章,淄博,把漫威穿起来了,4.0,2016-05-29 10:16:49
温柔的季先生,郑州,棒棒哒，超爱这个系列,5.0,2016-05-26 16:09:10
在希望的田野,,霸气逗比的铁锤哥,4.5,2016-05-24 18:16:49
郑君,,漫威世界无可抵挡,5.0,2016-05-22 21:49:53
XxoO煒爺,深圳,不记得到底咋回事了。不过当时记得好看！,5.0,2016-05-21 13:34:34
SingleStrong,镇江,好看，三维效果很好！,4.5,2016-05-21 13:31:32
公民吴小普,,《雷神2：黑暗世界》：从个人的角度而言，不太喜欢锤哥的风格，但全片在视效上可谓是亮瞎双眼。在洛基被作为战犯送回神域后，可谓是生活发生了巨大的变化，锤哥也在地球找回了女友。而锤哥和洛基的感情（ji qing）线也是最大的看点。  综合评分：8.1分,4.0,2016-05-19 18:33:41
斌少__1985,恩施,很不错。 还是比较喜欢,4.0,2016-05-19 13:47:55
朱寿龙,无锡,超喜欢的电影,5.0,2016-05-19 08:40:56
qEv102150830,杭州,不要错过！！！,4.5,2016-05-18 18:48:16
大鸟,,洛基就是会忽悠,5.0,2016-05-16 00:01:06
星辰sama,成都,炒鸡好看。。。。。,5.0,2016-05-15 12:23:30
a491091119,上海,画面很真实。赞\(≧▽≦)/,5.0,2016-03-25 10:47:06
如果马会飞,重庆,男主角不错噢,3.0,2016-03-22 12:52:15
Evan_潜,深圳,商业片，剧情毫无创新，特效也一般般。,3.5,2016-03-19 12:57:37
卷福抖森控,,冲着loki去的，非常赞的演技！高颜值，完美的特效，期待雷神3,5.0,2016-03-19 00:59:32
Angelo369,重庆,看完就忘完了,2.0,2016-03-18 15:29:41
流小克,重庆,雷神的整个世界都被洛基占领了，波特曼算神马,3.5,2016-03-18 13:23:37
exk236341735,东莞,好@@@@@@,0.0,2016-03-17 14:05:23
英雄王者,,会欣赏的人才懂得,5.0,2016-03-17 10:50:28
likeng11,重庆,开外挂的雷神来了,5.0,2016-03-15 16:52:39
Martian,,怎么说呢，比较喜欢抖森,4.0,2016-03-14 21:15:38
Mr.灯火辽原,嘉兴,不错，挺好看的。。。。。。，,5.0,2016-03-14 19:28:08
shan_梁平,杭州,忘了看的什么,3.0,2016-03-13 19:09:36
Natalie,杭州,画面震撼，音响效果非常棒,3.5,2016-03-13 16:22:14
林火钩沉,北京,这部片子叫做洛基人人喊打⋯但我真的好喜欢Loki哈哈,3.5,2016-03-12 12:44:17
chirleyli,深圳,效果很不错，男主角好帅气,4.0,2016-03-11 22:46:27
SUISUI,,最爱loki,5.0,2016-02-19 20:37:52
庄晓静,合肥,剧情还行，不知道该如何评，因为大片都是这个样子,4.0,2016-02-19 16:36:47
zOG154834692,福州,很好，惊喜之作。,4.0,2016-02-19 00:43:01
mLz672691209,,一般，不是很好,3.0,2016-02-19 00:21:45
超哥,,雷神猴赛雷对抗远古入侵！,4.5,2016-02-18 19:02:21
萧仅,,不错的科幻片，虽然情节老套，但影片制作技术的进步，让电影的可观性增强不少。,4.0,2016-02-17 16:22:16
cpc7041707827435,重庆,还不错 效果还可以,4.0,2016-02-17 11:01:56
butterfly104,深圳,帮同事团的！,5.0,2016-02-15 14:49:30
作秀,重庆,好看、必须看完第一部才能明白,5.0,2016-02-15 00:35:30
乱城野风,苏州,不错，视觉效果,5.0,2016-02-14 15:44:20
olivelzz,,好看，期待下一部,4.0,2016-02-13 18:20:14
JiZ18623636302,重庆,好好看 我也好想拥有一把雷锤 哈哈哈 雷神特别帅 电影效果做的也很棒 总之值回票价,4.0,2016-02-13 14:00:54
老肖无解,深圳,感觉没有第一部好看,2.5,2016-02-13 00:12:43
狐狸也是仙,单县,每个人都有英雄情节,4.5,2016-02-11 20:55:53
Skye_Daisy,哈尔滨,支持漫威所有电影,5.0,2016-02-10 17:58:44
张凯462,厦门,好看的电影！没说的,4.5,2016-01-21 22:28:20
lisongdg,,不错，还是那么不错,4.0,2016-01-21 18:10:49
glS44909873,杭州,很久之前的，一直忘了评论，电影 不错...,5.0,2016-01-20 21:07:07
pJu925625466,福州,还不错，比第一部好看,4.0,2016-01-19 13:03:51
wattsliu,深圳,我喜欢的爆米花电影,4.5,2016-01-19 12:22:21
試zhe莣..記,,比第一部好看！,4.5,2016-01-18 20:19:44
chengyunjiayou,北京,值得去看的一部电影,4.5,2016-01-18 17:51:04
芋头love3vae,,比上一部好很多。勉强可以算是一部合格的漫改电影了。不知道为啥，这一部女主狂刷存在感，大锤和基妹被打我都心疼的好伐！他们的娘都因为保护你而死了，你一脸面瘫毫无愧疚感激是什么鬼？,3.5,2016-01-18 15:57:24
跑向丛林,,还是大片水准，可惜没新的看点,5.0,2016-01-18 13:18:59
曾伟杰482,深圳,剧情还是很牵强，没什么味道。兄弟之情和爱情都是乱糟糟的，果然是神才能玩得起。但是，特效还是棒棒哒。,3.0,2016-01-18 11:17:07
风靡万千少女_,北京,雷神真是太帅了，不过话说洛基死不了是吧,5.0,2016-01-17 22:59:02
芊芊蝶梦,,女主角很喜欢,5.0,2016-01-17 10:06:23
JCc846124675,宁波,还不错，很震撼！喜欢，赞一个！,4.5,2016-01-16 20:43:44
amylee16,云浮,忘记了，应该还好吧！,3.5,2016-01-16 20:14:52
甜妹妹,成都,喜欢这种类型的电影！,5.0,2016-01-16 20:10:29
albb167,郴州,雷神哥，大锤哥,5.0,2016-01-04 17:32:50
duyuanyao,无锡,我是来看特效和基情的,3.5,2016-01-04 11:27:14
lokljl,广州,好看，特效不错！,4.0,2016-01-03 11:37:32
zhulemingklose,,感觉第三部会有不好的事情发生,4.5,2016-01-03 09:18:48
瞌睡的牛仔,广州,雷神真挺酷的,4.5,2016-01-02 21:54:25
拖鞋一只,,还是觉得一代好看，估计也很难出3了吧,4.5,2016-01-02 19:13:23
晓Xiao624,台州,购买电影票方便，电影又好看，赞一个,5.0,2016-01-02 19:03:55
13821653664,天津,高岗冰冰滨号,4.5,2016-01-02 09:15:47
li19910102,临汾,非常好！！！,5.0,2016-01-01 17:54:40
jinjiang713,绍兴,佛祖开始啊额咯屋企咯打机咯,4.5,2016-01-01 10:50:22
wh_ariel,贵阳,嗯，补影评，爆米花电影，情节已经忘记了,3.5,2016-01-01 04:56:33
TGB83536559,成都,舒服的片子，不错,3.5,2015-12-31 13:29:20
微蓝奇异,天津,非常好看的电影！,4.5,2015-12-30 19:35:55
nicoleko,武汉,挺好看，可惜没看雷神1,4.5,2015-12-30 13:52:14
xiqilizhang,温州,没有第一部好看,3.5,2015-12-29 22:53:30
Hooyah,衡阳,还不错，值得推荐！,5.0,2015-12-21 19:18:22
此岸無央,深圳,很好看，印象最深的是雷神的悠悠锤哈,5.0,2015-12-21 19:13:13
lzz1un2win3,中山,太烂了，惨不忍睹,1.0,2015-12-21 17:34:28
老卢,沈阳,就因为漫威 所以必须看,4.0,2015-12-20 19:55:17
pmqpllll,襄阳,锤子哥就是牛,4.5,2015-12-20 18:45:53
sandy,上海,喜欢里面的演员  嘿嘿,5.0,2015-12-20 16:50:29
liujingjuan1972,无锡,怎么会有影评？我好像没有买啊？没有去看过哇，难道我买了没有看？？,5.0,2015-12-19 00:33:41
卷毛tony,,想法新奇，诚意满满,3.5,2015-12-18 20:54:27
thinly2000,上海,很棒，记忆犹新！划算到爆,4.5,2015-12-18 20:05:57
win柠檬,,一部比一部好看！,5.0,2015-12-18 11:36:36
18906055604,福州,漫威还是一如既往，好看,5.0,2015-12-17 20:59:39
momo9209,日照,超级喜欢洛基 好看 还有没有3啊,5.0,2015-12-16 21:07:37
寒刃1333,攀枝花,😅已经忘了是演的什么，估计也就一般般吧！,4.0,2015-12-15 21:20:19
ZiO65879124,宜兴,不错哦，还可以的,5.0,2015-12-14 23:40:49
孤寂的鱼,漳州,还不错。虽然不是很喜欢这位超级英雄,4.0,2015-12-14 22:49:22
一人行水,深圳,一如既往的好，还会再去,4.5,2015-12-06 12:14:31
Jetyang821,昆明,较好看推荐！,3.5,2015-12-06 10:32:08
山姆的杂货铺,成都,激情片。。。哈哈哈  和前男友一起看的,4.0,2015-12-05 22:07:39
echo瓦力,成都,漫威系列估计要无限拍下去了，还行吧,3.5,2015-12-05 19:29:58
后知后觉,松原,3.雷神。相对于漫威的商业大片来说挺好的。有炫酷的男主角，有我的女神娜塔莉。一切都OK,3.5,2015-12-05 16:45:40
汤勺鸡丁,无锡,同样越拍越好看的一部电影，好看没得说,5.0,2015-12-05 13:11:01
matrixneo123,南京,虽然在漫威宇宙中这部暗黑无界貌似是二期作品中口碑最低的，但是作为商业电影，影片的观感在我看来很好，洛基再一次抢占了锤哥的风头，以至于虽然出场不多，观众估计还是记住的是他，传送门梗太赞，笑死了,3.5,2015-12-05 09:11:20
悦芽儿JY,包头,延续了上一部的故事发展，但是有些故事的原有交代的有些唐突 但是主角的焦点还是弥补了这一不足。,3.5,2015-12-05 05:56:02
北东西,广州,对于这个系列，恐怕只有洛基才能制造反转了，而且每次反转都能给人惊喜一下下。但是不得不小吐一槽的是，雷神是智商感人吗？又不是不知道洛基的拿手好戏还一次又一次甘心被你欺骗，难道这就是爱？,3.5,2015-12-05 01:19:25
长发刘海大女王,合肥,我会告诉你们我会告诉,4.5,2015-12-04 21:45:35
m1727,广州,帅到爆！！！,5.0,2015-12-04 21:17:15
樊鸿儒,宜春,最后的打斗配合音乐真的燃，当然洛基一如既往的帅 哈哈,4.0,2015-12-04 14:30:58
owt327,北京,感觉一般的电影，纯商业片！,3.5,2015-12-04 10:44:01
孙茂茂的强,常州,漫威英雄们除了要和邪恶力量对抗，还要对抗自己的黑化，对抗自己的历史，每一部都有类似的套路，就看各个英雄的个人魅力了，不凑巧，不太喜欢雷神。,4.0,2015-12-04 10:08:59
楼闹闹,绍兴,雷神比第一部片子更有勇有谋，帅气凶残，比起第一部还多了一丝冷漠。结局特别让人无语，锤哥和简在一起了，母亲和弟弟都死了。基神依然俊美迷人、带点邪气，剧情有点窝心，娜塔莉女神这部剧里面有点毁角色，存在感低，就给我们留下了一幕幕：扇耳光，接吻，看别人死掉。,3.0,2015-12-03 23:18:45
Connor丶K闫,天津,这是一部真正的爆米花电影，有大场面，有动作，有笑料，但是千万别思考，漏洞太多，一思考会死。家庭伦理剧的套路拍摄天神世界，如果没注意到这一点，说明它的包装很成功。洛基的存在显然已经高于其他电影元素，从人物到演员都是如此，电影也正是从洛基脱身后才开始好看的。,4.0,2015-11-27 17:57:33
林夏林夏,重庆,没想象中好看,3.5,2015-11-27 13:24:49
lygg25230,,在现在这社会洛基那样性格的人更易成事，坏坏不羁的性格也更讨人喜欢,4.0,2015-11-27 00:02:56
羽羽1993,,洛基好美啊，好可爱啊。,4.5,2015-11-26 11:24:19
心镜226,,电影效果效果不错，剧情一般。抖森的表演不错(⊙o⊙)哦,4.0,2015-11-25 22:46:48
初蝌儿,武汉,还可以吧！没有第一部好看！,4.0,2015-11-25 15:11:52
杨翠然,天津,真的很不错，很喜欢,5.0,2015-11-24 08:47:10
其实很简单,庆阳,锤哥的胸 以太粒子首次出现,4.0,2015-11-24 01:40:53
LJR13699065530,成都,女神 男神的电影场景也很美很震撼,4.0,2015-11-23 11:21:19
lwmsy,深圳,很精彩，场面很宏大，漫威的电影都比较喜欢,4.0,2015-11-22 13:03:08
vicki爱萍,深圳,好看，就是3D看久了头昏,5.0,2015-11-22 08:09:43
forever_raul,无锡,电影很不错的。很好看很刺激。。,5.0,2015-11-22 01:16:55
对影成三人,北京,借助电影沉默羔羊的人物塑造法，洛基一角的设计给电影增分不少。而人物在不同基础上的性格反转都给故事本身注入了活力，因为无奈超级英雄的类型叙事已经是商业模式化生产，雷神2的丰富人物还是带来了极大的可观性，比前作要上乘。,4.0,2015-11-22 00:36:54
龙虾11,福州,还不错，续集，第一部还是很有创意,5.0,2015-11-22 00:35:08
葵花包,重庆,老实说，有包场的感觉。哈哈，不过哪天放的效果不是很好的，3d很弱,5.0,2015-11-21 21:33:37
yuting318410330,广州,内容生动，视觉效果很好,5.0,2015-11-20 20:00:35
浩子疯了虎,南宁,看到一半睡着了,3.0,2015-11-20 16:55:23
付楚幽,厦门,非常不错哦，很好看呢,5.0,2015-11-20 16:13:19
jarn0911,广州,经典重现，值得回味！,5.0,2015-11-20 15:59:55
纸巾生产商,六盘水,一直去，非常好，离家很近，很方便就过去了，音效也很好，看得我很过瘾,4.0,2015-11-20 15:21:05
西瓜的小如画,淮安,挺好的，物有所值,4.5,2015-11-20 14:02:56
緽实的Madam,重庆,可以啦值得去,5.0,2015-11-20 12:27:08
F不运动就成胖子,广安,不错哦，值得一看,5.0,2015-11-20 10:04:32
Neo00,重庆,又一个超强抗揍的小强,5.0,2015-11-19 22:22:25
Ynxia,重庆,还行   可以,2.5,2015-11-19 21:55:31
yuting174526,南京,团座的，有点小毁,5.0,2015-11-19 21:43:20
helanjiaozuo,北京,父母都没看懂，不太喜欢这一类型的电影,2.5,2015-11-19 20:24:15
zqaizhuq,钟祥,很好看，结局出乎意料,5.0,2015-11-19 19:54:45
海洋天堂，,北京,比预想的要好看的多,4.0,2015-11-19 18:57:02
jar2010,成都,没让人失望，漫威的电影还是挺不错的！！！,5.0,2015-11-19 18:52:20
荒凉了de年华,广州,李子迟了不起,5.0,2015-11-18 12:54:01
懒取名字,重庆,特技好，剧情什么的也没什么悬念。还是值得一看。,4.0,2015-11-18 11:42:52
吴Anne4807,呼和浩特,和老公去的，回想起来真是浪漫,5.0,2015-11-18 11:37:39
哈哈加菲,长春,好电话打很多很多的,5.0,2015-11-18 11:21:59
fxrhahaha,天津,好看，期待复仇者联盟2,4.0,2015-11-18 11:12:53
sxsyty123,绍兴,非常好看，非常赞，好莱坞大片一直是我的最爱,5.0,2015-11-18 11:06:24
范大美,北京,不是那么的好看 真心的！,2.5,2015-11-18 10:53:40
XF小傅,重庆,这部动作冒险科幻大片当时风靡全球！,5.0,2015-11-18 08:57:47
晴天5201023,重庆,我们的生活中有一个好东西不一定能成功的关键,5.0,2015-11-18 03:20:11
_sina58966883003,桂林,好看，棒棒哒。,5.0,2015-11-17 23:15:13
13068113281,中山,带儿女一起看电影，奇幻，好看！,3.5,2015-11-17 23:13:43
cy19870720,重庆,好看，这么久了才来评价,5.0,2015-11-17 19:17:26
落寞缘,嘉兴,不错吧、时间长、,4.0,2015-11-17 18:49:25
柠檬蜜茶0820,上海,电影非常好看,5.0,2015-11-17 17:46:40
wxynng,兰州,这个好，效果也好,5.0,2015-11-17 17:38:49
金钱龟,北京,最完美的一部雷神,5.0,2015-11-14 18:51:53
Q宗泽,万州,因为没看过一'所以就还可以吧`对这种美国大片不感冒,3.0,2015-11-14 11:22:55
jingpinkuaile,,真的比雷神1好看很多，我基神太美！,3.5,2015-11-13 20:39:09
OYP707964592,,雷神好帅！肌肉无敌！,5.0,2015-11-13 13:03:54
jackjones99,,比第一集好看许多啊！,4.0,2015-11-13 12:41:50
kikilemon,深圳,好久了，已经忘记什么时候看的了，应该是挺好看的,5.0,2015-11-13 08:49:50
joannelau2010,成都,雷神，复仇者，漫威的都喜欢,5.0,2015-11-12 18:39:16
南国半夏,成都,挺好看的啊！,5.0,2015-11-12 02:27:19
潇潇135,成都,效果不错，震撼,4.0,2015-11-11 18:04:21
hon3ynono,上海,无敌好看！！,5.0,2015-11-11 16:45:10
sammilin0122,中山,非常震撼，真的好好看,5.0,2015-11-11 12:01:35
SCHIELE.,重庆,太好看了！赞！,5.0,2015-11-11 00:34:15
_qqmnf1333704874,重庆,场面十分壮观,4.0,2015-11-10 23:47:22
木樨花開,宜昌,还不错，期待下一部。,4.5,2015-11-10 18:33:23
瑶6636,苏州,N久之前看的了，很好看的一部影片,5.0,2015-11-10 13:58:45
会翻墙的绅士,合肥,影城效果不错，3D电影看着很过瘾，以后还会再去。和女朋友一起看的电影，非常满意！,5.0,2015-11-02 12:26:06
锡锡妹,重庆,不错哟，喜欢看大片,5.0,2015-11-02 09:33:57
huoluan526,重庆,情节一般，男神太帅，期待下部,3.0,2015-11-01 19:17:16
铃蓝兰,重庆,还不错，好像1比2好些。,4.0,2015-11-01 19:07:00
jackerlin,福州,不错，还要去看。,4.0,2015-11-01 18:19:26
zwj510,合肥,还不错嘛～哈哈,4.0,2015-11-01 12:23:57
悠蓝朱朱,重庆,不喜欢看此类片,2.5,2015-11-01 10:37:28
demonjian,淮安,还好吧，值得看看，洛基好帅！,4.0,2015-11-01 09:07:04
OGR15626991451,珠海,good，that's so nice.,5.0,2015-10-31 21:42:09
Xerry,盐城,雷神，他是神。,4.0,2015-10-31 17:57:16
WEa691872014,杭州,电影总体不错，可以看一下,4.5,2015-10-31 17:53:37
Llama_,南宁,就是冲着锤哥和loki去看的,4.0,2015-10-31 10:30:03
toby_xx,重庆,基神才是最爱！,3.5,2015-10-31 08:01:12
镜月,常州,都没什么印象了…一般般的电影吧。,3.5,2015-10-30 11:02:37
粉红娃娃鱼,重庆,电影难看，不喜欢这类电影。,2.5,2015-10-29 20:13:41
Kevin,,每一部漫威电影都有新的感觉，洛基的亦正亦邪是本片的亮点,4.5,2015-10-16 21:47:15
中缘飞雪,深圳,还算不错吧有点搞笑,3.5,2015-10-16 08:47:39
_qqf671384001747,淮安,好真好玩买的钱到账了,5.0,2015-10-16 01:01:28
Destiny佳佳佳,成都,那是和男朋友第一次约会看的电影，我直接看睡着了,2.5,2015-10-15 10:13:43
happyglorly,上海,特搞笑的，据说比港囧好看！,5.0,2015-10-14 19:01:19
PtK414960207,宁波,我这种电影初级看官觉得很好啊！,5.0,2015-10-13 18:54:31
zealous920,昆明,一般般的电影，没有预期的好,3.0,2015-10-11 17:36:31
活宝灰太狼,常州,还是很不错的,4.0,2015-10-11 17:09:02
haogongyi,天津,效果不错，情节扣人心弦，令人思考，真情感动！,4.5,2015-10-09 19:39:13
一部电影一次蜕变,,神魔界比较不错的片子了，值得买单！,4.5,2015-10-09 11:45:21
15185215487,,不错不错还是不错,4.5,2015-10-08 20:12:06
alexlyc,广州,henbucuo.........,5.0,2015-10-08 13:19:41
巴洛克式活着,上海,男神的剧必须看,5.0,2015-10-08 11:55:06
GmT414182187,天津,非常喜欢看看每部作品都看,5.0,2015-10-08 10:10:10
王丽782,重庆,精彩，喜欢主演！,5.0,2015-10-07 17:11:13
slzzhouli,常州,有点没有以前好看了,4.0,2015-09-26 00:40:01
ripeizou,东莞,好像不错的一部电影了。,4.0,2015-09-25 10:44:27
Adagio,,我的电影票。。。。,3.5,2015-09-24 21:51:54
naru2000,,超级无敌好看,5.0,2015-09-23 15:42:00
WZB120823,上海,就是电影票不能退,5.0,2015-09-21 20:12:40
taltalyu,无锡,冲着Loki来的！！！！我大Loki帅呆了,4.5,2015-09-21 17:06:58
abigale_soo,,漫威片嘛，还不错，然而并没有铁罐好看,4.0,2015-09-21 13:31:10
墩墩啊,,好看到不行不行的。,5.0,2015-09-20 00:09:57
zzl910326,,Thor强壮到爆,4.0,2015-09-19 22:12:52
juliethz,重庆,读不懂的世界观,3.5,2015-09-19 10:54:18
YbT699569614,成都,非常棒，好评！,5.0,2015-09-19 01:56:41
luzeze,资阳,电影不错，环境一般，但价格很便宜,5.0,2015-09-18 10:43:38
恋恋熊12,重庆,还是不错的,4.0,2015-09-18 10:01:21
Rechel木子,重庆,没第一部好看,4.0,2015-09-17 00:18:48
阴阳相随,杭州,好看。喜欢。顶。,5.0,2015-09-17 00:01:31
Mr：White,重庆,还可以，看着打斗很激烈，特效很好。,4.0,2015-08-31 18:40:25
djt830758012,广州,很好看的电影啊！不错,5.0,2015-08-31 15:38:53
酸酸呀酸酸,重庆,大片都是那么棒,5.0,2015-08-30 14:29:15
伊苏ecust,上海,好看 期待了好久 看着确实不错 很满意很开心,5.0,2015-08-30 11:14:01
xiaosasa5200,宜昌,猛男阿，帅，好看,4.0,2015-08-29 21:53:39
苏若暻,,在这一部里面洛基还是挺感人的，雷神不遗余力的选择相信他弟弟。洛基之后假装他父亲来鼓励雷神。很棒的故事,5.0,2015-08-29 21:18:42
三蓑烟雨,,时光网上水军很多，想必是没有信心的某些电影宣传方安排的，专给烂片好评。豆瓣网上水军也很多，以**的伪知识分子伪文艺青年为主，专给好片差评。还是猫眼中规中矩，比较客观，水军甚少。个人感觉雷神2，确实是今年难得一见的好片。,5.0,2015-08-29 12:43:50
evelili,无锡,情节一般般 觉得一比较好看,2.5,2015-08-28 11:25:05
DCh412788402,南京,雷神颜值爆表了!,5.0,2015-08-27 13:13:31
ixjjtt8959,凤凰,不错哦～ 去过很多次了,4.0,2015-08-27 10:02:27
lmS208710003,昆明,美国佬拍的大片就是精彩,3.0,2015-08-26 19:18:25
凭海临风1989,宜昌,挺不错的  值得一看,4.0,2015-08-26 15:41:40
星星171,重庆,还可以，喜欢女主,5.0,2015-08-26 14:59:07
努比炫,,相爱相杀的托尔和洛基！,4.0,2015-08-26 09:53:22
爱从哪来,重庆,还可以，陪男友来看的,4.5,2015-08-25 16:43:35
华轩月雪,,好看，雷神很爆有木有，基情四射,5.0,2015-08-16 01:09:27
岱之东,重庆,很好！漫威出品，必看！,4.0,2015-08-15 18:12:30
TrF286732886,,看了还不错。。,4.0,2015-08-15 18:03:59
scottzuo,三亚,效果干干干的,4.0,2015-08-15 07:19:23
meezy44,常州,还可以，挺好看的,5.0,2015-08-13 16:06:34
xiaoge01,广州,完全忘记内容-_-#,5.0,2015-08-12 15:56:35
怒放的拖鞋,天津,不愧是好莱坞大片,5.0,2015-08-11 15:26:25
EQC331984693,莆田,超级搞笑哈哈,5.0,2015-08-11 14:30:33
笑天会幸福,呼伦贝尔,相当不错了！,5.0,2015-08-11 05:19:17
十人,广州,很好吧，带着父母一起去看的,3.0,2015-08-10 15:42:20
ROx135747547,深圳,只记得大锤还有壮壮的男主角。,4.0,2015-08-08 09:51:42
CUU753077670,重庆,这部片子直得一,3.5,2015-08-07 01:49:36
被束缚的飞吻,广州,洛基男神，和哥哥在一起吧,5.0,2015-08-06 00:05:39
qtds9999,,很好看，国外电影的创意想象力就是不一样,4.5,2015-08-04 15:35:48
_tencent52721837,镇江,角色深入人心。。。,5.0,2015-08-04 10:12:30
GKL948628300,天津,很好看，赞一个,5.0,2015-07-23 12:01:25
国产小拯,,效果一般。。有看也不错,0.5,2015-07-23 11:00:11
艾米1257,武汉,美国的科幻片一如既往的喜欢。真心不错！,5.0,2015-07-22 16:04:14
陈载梦翔86,深圳,还凑合吧吧吧,4.0,2015-07-21 10:05:43
周铜！,海宁,好看 ，蛮不错的,5.0,2015-07-20 12:37:22
海阔V5天空,南京,动作成分太多了 不是很好看 个人口味吧,3.0,2015-07-19 21:42:46
躺在沙发上看烤箱,徐州,妇联系列，必须好评。,5.0,2015-07-19 14:41:54
vivianzhuhuiwen,上海,超级喜欢的电影，喜欢雷神，洛基也很不错，期待第三部,5.0,2015-07-19 14:03:44
Gary_shone,重庆,爱雷神，没得说,5.0,2015-07-19 13:37:59
wUp580814310,广州,震撼，效果不错,5.0,2015-07-19 11:35:19
恋空式,南昌,我是来看男主角的,3.5,2015-07-18 11:45:00
ppging2,中山,好看，不错！,3.5,2015-07-18 10:22:21
德古蜡,呼和浩特,真心说第二部不如上一部吧,3.0,2015-07-18 07:08:54
梨儿梦,海安,还可以，没什么特别的感觉。,5.0,2015-07-17 18:12:39
口口的宝宝,蚌埠,有女神～必须看咯～,4.5,2015-07-17 11:56:26
ZhD18502096770,深圳,不说了不说了不说了,4.0,2015-07-07 20:27:21
bigbigleaf,中山,一般般而已  没想象好,2.5,2015-07-07 19:40:57
炼金术123,宜昌,可以，好，不错,5.0,2015-07-07 16:57:14
等待...守候,绵阳,好不错！很喜欢这部片子！漫威就是牛！,5.0,2015-07-05 18:33:31
空气姐姐,沈阳,很不错的片子，很震撼～超喜欢,5.0,2015-07-05 15:37:45
HULK,芜湖,给我第一印象就是画面太棒了,5.0,2015-07-05 12:55:01
ttz13817914589,上海,随便看看的电影,3.5,2015-07-05 00:51:58
J460153321,西安,感觉挺好的！值得一看,5.0,2015-07-04 20:52:39
林杭286,广州,看了好久，忘了。。,4.0,2015-07-04 20:49:10
徨帝柑,成都,系列电影根粗粗的 …,5.0,2015-07-04 20:31:02
冰蓝地平线,深圳,不错。。。。。,2.5,2015-07-04 12:08:30
disnymoon,苏州,雷神帅呆啦，期待下一部,5.0,2015-07-04 08:55:55
ftM705295465,合肥,建议看过一再去看二。会有连贯性。,4.0,2015-07-03 19:03:30
zhongjiamin526,海口,挺好看的……！,5.0,2015-07-03 01:17:55
小羽的SG,上饶,剧情一般 主要看男主,3.0,2015-07-01 18:12:32
Nbw365210860,深圳,原谅我，看的时候睡着了，没法评,4.5,2015-06-22 22:31:00
欧金凤318,重庆,喜欢这个电影,4.0,2015-06-22 16:18:08
DaZuoo,武汉,漫威宇宙观必须刷,3.5,2015-06-22 15:53:30
ZJ_200987,,忘记什么内容了,3.0,2015-06-22 08:58:26
白鹿骑飞龙,沈阳,看完了就忘了 特效有 剧情无 反正看个热闹,3.5,2015-06-21 19:56:07
anlybo,武汉,不错感觉不错啊！,5.0,2015-06-21 11:45:55
阿凡达小猫,天津,不错………………………,5.0,2015-06-20 20:49:47
yecang,嘉兴,很不错～第一次看电影的地方。,5.0,2015-06-20 19:36:14
丫美丽,常州,不错～奔着偶像去的～,5.0,2015-06-20 18:59:19
lqch_wy,深圳,还不错。感觉比较值。,4.5,2015-06-20 18:46:14
陈.风暴烈酒,昆明,美国人的想象力真是不得不佩服,4.0,2015-06-20 18:45:00
yule1012,,挺好的，只是没有一部好,4.0,2015-06-20 15:58:22
15822507124,天津,好。。。。。。。。。。。。。,5.0,2015-06-20 13:57:02
心语星愿231,成都,卡夹啊就是今生今世睡觉,5.0,2015-06-20 13:14:59
Ronanweiss,重庆,不错，多好看的,4.0,2015-06-19 12:56:48
iSa13685223105,常州,忘记剧情了都,2.5,2015-06-14 01:11:01
许超1118,上海,不错值得一看,4.5,2015-06-13 15:21:05
bSg640408359,无锡,不错！值得看！,4.0,2015-06-13 15:03:36
Vnq81237399,昆明,常客常客常客常客,5.0,2015-06-13 14:11:42
Youngn1,深圳,很好看 挺不错的,5.0,2015-06-13 11:56:12
小_包帅,,男儿才是亮点,4.0,2015-06-12 09:54:03
carreyhuang2013,,剧情简单，特效不错,4.0,2015-06-12 07:33:40
IRF北城攻略,德阳,漫威真帅气啊,4.0,2015-06-12 01:13:14
繁花落尽丶情未央,昆明,好看   很不错啊,4.5,2015-06-11 12:47:15
danzhu88,北京,不错很好值得我们去看的。大片大片值得看，,4.5,2015-06-11 10:06:56
qWz18640027227,,还不错，主要是怕看妇联2接不上,5.0,2015-06-11 02:17:58
ST_囚徒,成都,什么时候看了这个电影，不过还是不错的说,5.0,2015-06-10 16:20:01
老五123456789,芜湖,剧情、画面都不错，期待三的上映，到时再去看。,5.0,2015-06-09 21:34:07
普通电影迷,惠州,一般般的好莱坞电影,3.0,2015-06-09 19:27:39
Stevie595,重庆,不好看，很老套,2.0,2015-06-08 17:39:49
陈琪珺,无锡,很好看很不错,5.0,2015-06-02 23:14:46
jh85118,镇江,值得一看，不错，还会光临,5.0,2015-06-02 18:22:31
Lee燕文,,女神黑天鹅还有毒舌Max为电影加分～～BTW男猪脚蛮帅的,4.5,2015-06-02 15:26:42
nikki320,成都,还不错。 喜欢吧。,4.0,2015-06-02 12:16:22
_qqvzd1374760059,上海,不错吧，喜欢这类电影,5.0,2015-06-02 10:25:09
TH吃货世界,上海,不错，挺好看的！,5.0,2015-06-02 10:02:58
carreyluilui,重庆,雷神真帅啊…,4.0,2015-06-01 22:55:54
淘淘333,无锡,超喜欢，值得看,5.0,2015-06-01 15:53:45
CHOU.chou,青岛,不错不错真心不错,4.5,2015-06-01 13:18:23
钱小抠,厦门,还好吧，挺好的,5.0,2015-06-01 11:01:37
涩陌儿,重庆,还行吧，看到后面没什么劲了,2.5,2015-05-31 20:14:33
华丽人生1989,福州,非常不错，下次希望还有这样的活动,5.0,2015-05-31 15:47:22
可心闲,苏州,太扯了，牛皮乱吹,3.0,2015-05-31 15:01:58
邱薇儿,深圳,这个也很好看 现在也精彩重温哦,4.5,2015-05-31 10:30:43
雅鋆,南宁,不错1就是晚了,5.0,2015-05-31 10:12:47
yemaoxiaowanzi,上海,好看，太好看了,5.0,2015-05-24 15:41:51
XCing_L,抚顺,漫威死忠，不解释～,4.0,2015-05-24 15:30:49
_qq3k81322492423,荆州,期待3的出现,5.0,2015-05-24 11:56:38
梁_燕聪,佛山,可以看看的！不错,5.0,2015-05-24 11:13:48
芥醼鍀酮,,有第三部吗，男主颜值高啊,4.0,2015-05-24 09:53:08
x9958y,贵阳,只能说太难看 浪费了三张票 浪费了252元,2.0,2015-05-23 23:35:08
coolllest,天津,好看。雷神帅呆了！,4.5,2015-05-23 20:11:41
hPi462629826,广州,还好，期待第三部噢,3.5,2015-05-23 18:54:14
Elena364961627,广州,OK哦kokokOKOKOKOK!,5.0,2015-05-23 17:34:15
Liwei,,一般吧，剧情老套,4.0,2015-05-23 14:32:40
yesuping12,徐州,很好 非常喜欢 剧情也很好,5.0,2015-05-23 11:34:45
李威橙,北京,好看忘了内容,4.5,2015-05-23 09:03:51
jinsu199332,台州,没看过1就看了2，后面也有点搞笑，总体不错,5.0,2015-05-22 17:31:09
泰迪宝贝熊289,,超级喜欢锤子,4.0,2015-05-21 23:30:40
EZE421205816,枝江,非常不错555,5.0,2015-05-21 22:14:42
林SunnySky,武汉,还行吧，一般般,3.0,2015-05-17 20:25:39
keiee,北京,无功无过看热闹,3.5,2015-05-17 20:11:58
卖莴笋尖尖,成都,很久以前看的好有意思,3.5,2015-05-17 19:11:02
13861165231,上海,Awesome movie.,4.5,2015-05-17 19:09:44
Anna004,福州,还不错！全家去看的！,5.0,2015-05-17 14:33:31
alpsxa,西安,还可以，忘记评了，追评那积分，或者因为强迫症不评不舒服,5.0,2015-05-17 14:32:29
NoOne,,没有雷神1那么精彩,4.0,2015-05-17 12:30:36
夏颜朵06,武汉,nice，效果不错！看了不睡觉！哈哈哈哈哈哈啊哈,4.0,2015-05-17 11:00:37
summerQ0217,上海,还可以……！,5.0,2015-05-17 01:18:20
鸭脖好好吃啊,合肥,小锤子太酷了,5.0,2015-05-17 00:01:10
当波伏娃遇见萨特,,不能更赞了。。,4.5,2015-05-16 11:05:16
谁衬卡其色,重庆,看特效还行，都是为了复联做准备的片子,4.0,2015-05-16 10:53:54
apE672454479,深圳,刚刚看完复仇者联盟2，雷神还是那么帅,5.0,2015-05-16 08:49:03
我勒个去,温州,除了“宇宙最强大的力量”被自己的宇宙船给炸死了以外别的都很好...,4.0,2015-05-15 23:52:59
咆哮的毛球,重庆,可以，值得看的,4.0,2015-05-15 22:13:24
彭婷1987,广州,挺好看的一部影片,5.0,2015-05-12 22:36:01
Irene,大连,聽說你和女神後來分了,4.0,2015-05-12 21:53:29
_qqxz71425106365,,外星人侵略地球。,5.0,2015-05-12 18:31:46
Tracy_shao,,也就这样吧。,3.5,2015-05-12 12:49:25
syy2011,沈阳,喜欢死了雷神,5.0,2015-05-12 11:46:19
panedy,镇江,还是很不错的,4.0,2015-05-12 09:49:08
_qqk251381813855,广州,请朋友去看的，还不错！,3.5,2015-05-11 22:59:05
bowie812,深圳,可以耶，想看第一部！,5.0,2015-05-11 22:35:53
丫咪耶,秦皇岛,挺好的 有点短,4.5,2015-05-11 19:14:21
布丁,上海,挺好看的，希望还有下一部,5.0,2015-05-11 16:57:21
ArsenaLoo,廊坊,这种类型就适合影院,4.5,2015-05-11 16:19:11
柨柨哒,秦皇岛,好看，，，，，,5.0,2015-05-11 15:38:56
sirays,厦门,没有期待中的好,4.0,2015-05-11 14:57:13
自强是怪兽,合肥,还是老套路的英雄式电影，,4.0,2015-05-11 14:52:47
sy279684263,,很好，喜欢，等3,4.5,2015-05-11 13:38:07
bluejimmy,无锡,不错，很好！,4.0,2015-05-07 15:51:20
孟婆汤0526,重庆,特别看不来他们的兄弟基情～～～,2.5,2015-05-07 15:02:12
tZH366731139,邢台,还不错，就是中间看困了！？,4.5,2015-05-07 11:52:04
sunnyas,鞍山,果然洛基依然是最亮的亮点。。。那个黑洞手榴弹设定太无解了,4.5,2015-05-07 09:10:17
miaowenchun,绍兴,很好看，下次还来,0.0,2015-05-06 18:58:03
YYH杨宇慧,惠州,很好看，看完1之后就特别期待2，果然不有失望！！！,5.0,2015-05-06 13:36:17
水饺晚安,淮安,哈哈哈哈v方法的,5.0,2015-05-06 09:48:24
ricobee,,还行，剧情就是有点拖沓,3.5,2015-05-05 23:49:50
袁福秀520,重庆,好看，我是漫威迷，系列都看,5.0,2015-05-04 20:45:43
_qqv4z1360996998,杭州,还可以！一直是在金逸看的！,5.0,2015-05-04 16:09:38
嘟嘟的土豆,杭州,必看精彩大片,4.5,2015-05-04 09:26:37
曾力文,重庆,好看，比1好看多了,5.0,2015-05-04 03:06:43
LionelMessi,,非常巨大的场面叼爆了，完爆国产片,5.0,2015-05-04 00:39:49
浪味仙Fiona,,比钢铁侠系列差点意思,3.0,2015-05-04 00:04:30
空城,苏州,无聊才去看的，看完也没啥感觉。,2.5,2015-05-03 16:39:51
tsy宝贝,重庆,不错，很不错……,4.5,2015-04-29 18:33:47
美味爱自己001,苏州,相当不错，3d效果也不错，好评,4.5,2015-04-29 17:06:09
黑白天空,广州,完美，有看头,5.0,2015-04-29 06:53:04
meTracy,武汉,洛基是负责打酱油的？,0.0,2015-04-28 21:46:04
fei0231,崇左,不错啊！！！！,4.0,2015-04-28 17:14:00
紫零兰枫,常州,中文配音的，好囧,2.5,2015-04-28 15:41:17
MT1855058921,重庆,好暴力好暴力。,5.0,2015-04-28 14:39:42
hCJ601354057,苏州,科幻的都喜欢看,4.0,2015-04-27 18:42:39
思考者,,真的很不错，就是3D视觉不如狄仁杰,5.0,2015-04-27 17:16:59
limoxrx,武汉,洛基戏份太少，差评,2.0,2015-04-27 07:32:29
煮小柴豆,广州,太震撼了，大赞,0.0,2015-04-27 07:18:47
爱玩童子,东莞,还好吧，不错,5.0,2015-04-27 01:16:42
碰一碰你,天津,挺不错的，好看,5.0,2015-04-26 20:36:05
风中夜残,北京,哈哈哈哈哈哈哈,5.0,2015-04-26 10:44:08
zhouqianlan1991,佛山,挺不错的，视觉效果都挺好的！,5.0,2015-04-26 10:38:02
OtO15009886923,沈阳,3d效果超震撼，全程无尿点,5.0,2015-04-20 11:35:16
lydmszb,天津,好电影，视觉享受的佳作,5.0,2015-04-20 07:10:13
ladysherry,广州,雷神没有变！还是那么帅那么地善良！外国的特技真不是一般的好！中国到底什么时候才有这样的效果？,4.5,2015-04-20 00:38:04
右耳eleven,深圳,好，哈哈哈哈哈哈哈哈哈哈哈哈哈哈哈哈哈,5.0,2015-04-20 00:19:23
爱你的石头,,还是可以的的,3.0,2015-04-19 23:35:15
水星小西瓜,重庆,漫威系列不多说,5.0,2015-04-19 19:18:54
我要吃西瓜哼,南京,很喜欢看啊,4.5,2015-04-19 16:44:43
vsf13303760588,深圳,视觉效果非常好，很值得一看，男主很帅。,5.0,2015-04-19 12:06:37
alexiasin,北京,女主毫无意义,3.5,2015-04-19 07:30:57
amychow777,,啥时候来个洛基外传啊,5.0,2015-04-19 00:17:42
Duke,安康,大战结束之后 雷神重临地球的再次拯救世界的故事 比起一时无论是锤哥还是洛基都有了超高无比的人气  娜塔莉波士曼 穿越释放出终极兵器，当然是由爱你的男人来消灭了  印象深刻的是2处 大王攻打神域 一个超级内奸里应外合太好打了也 好莱坞技术真好一点都没看出是我大王来 2结尾中的各种时空穿越 但是大王被秒就是主角的争议光环 中间的小细节真的很逗的 结尾猜到了洛基没死  灭霸就是个打酱油的,4.5,2015-04-18 20:56:27
Dystopia,,英雄电影越来越暗黑化了,4.5,2015-04-18 11:22:56
林少,北京,好看，但是没有第一部的刺激感官,4.0,2015-04-17 22:58:29
悦子LEE,北京,本人再次被洛基的双眼电到，洛基知道自己身世，不平衡的心态复仇。有那么爱你的哥哥，你做错千百遍还在你身边，你还想要什么！！复仇重要吗？你哥哥都有女票了，你没女票是因为啥,4.0,2015-04-17 22:28:20
peerless2014,,还是不错的，值一会票价,4.5,2015-04-17 22:00:55
ericlhl,包头,不错哦……挺好看的...,5.0,2015-04-15 16:20:10
险恶的红,北京,幽默的部分很加分,5.0,2015-04-15 15:26:27
_qqt5n1375584663,重庆,不错的片子！,4.0,2015-04-15 13:38:24
世纪末的魔术师7,北京,真是大块头，帅,4.5,2015-04-15 10:26:37
猫薄荷fish,安康,天庭依旧美的炫目，锤哥风采依旧，只是这一部实在抵抗不了洛基的小眼神～～～嚣张和失意的双面洛基，一个内心非常爱妈妈却还要逞强的熊孩子，真的没法不爱你。,3.5,2015-04-14 22:25:53
马赫一号,北京,经过了《复仇者联盟》，洛基成为战犯后重回神域，雷神也终于回到了地球和自己最爱的简重聚在一起，洛基最后的邪恶一笑仿佛代表着：我要卷土重来，你们给我等着的。大有复仇之意，雷神和弟弟的感情线是本作最大的亮点,4.5,2015-04-14 21:50:46
zgycpiao,重庆,爆米花 期待3,4.0,2015-04-14 19:18:52
PHe694060401,成都,还不错哦！！！！！,4.5,2015-04-14 13:59:24
狐荼荼,,真心不错，整体感觉很好，只是没必要3D,0.0,2015-04-14 12:30:54
scancanl,重庆,看了第一部不得不看第二部，消遣看还是不错的,4.0,2015-04-14 11:34:46
Baby丶Baby丶Baby,天津,不错啊！很好看！！,4.0,2015-04-14 10:56:30
萧mr,高州,比家里的影城好多了,5.0,2015-04-14 10:13:42
小狐狸LOL,上海,还不错，值得看一看,4.0,2015-04-13 22:05:21
Zz810385170,武汉,棒棒棒棒棒棒,4.0,2015-04-13 20:58:13
mameirong123456,苏州,电影还行，没有太好的感觉,3.0,2015-04-13 18:35:14
Juan19881025,重庆,不错，值得看看,4.0,2015-04-11 11:27:36
kkdx8801,邢台,还可以！没事的时候可以看看去！,5.0,2015-04-11 10:54:59
wulu520,,好看，绝对好看,5.0,2015-04-10 20:25:07
清木华玲,重庆,非常不错的电影！！！,4.5,2015-04-10 16:46:25
a15256000573,铜陵,很棒的片子，非常喜欢。,5.0,2015-04-10 14:53:14
子午简,,非常棒的电影,4.5,2015-04-10 13:31:27
tianyu0092,合肥,。。。。。。。。,5.0,2015-04-10 09:21:12
帅的拖网速,,很好看很好看期待出更多,5.0,2015-04-10 07:48:16
至尊殿下,香港,很好看，很刺激，故事有内容,4.5,2015-04-10 07:18:15
世纪老妖,,精彩！！！去网上看了第一部,5.0,2015-04-09 18:26:26
赵很多的茜,成都,可以，评价玩了,5.0,2015-04-09 16:33:07
zm900102,武汉,不错，值得去看,5.0,2015-04-09 12:54:07
毛子MT,,洛基才是主角~所有人都被他骗,4.0,2015-04-09 06:56:56
yuyu5256,北京,喜欢，不错，还会再来。,5.0,2015-04-08 19:26:21
愤饿的老姑娘,昆明,非常满意，很喜欢，还会再去的,5.0,2015-04-08 10:18:53
雷大头,重庆,喜欢喜欢喜欢,4.5,2015-04-04 22:42:17
Jazzvo,深圳,不错，挺好看,5.0,2015-04-04 21:02:11
kevin_ozr,上海,很不错，值得看。,5.0,2015-04-04 18:37:50
浮生幻灭,苏州,好可以不过雷神真的好弱鸡不及他弟弟人气高,4.0,2015-04-04 16:46:14
我是小水晶,武汉,一如既往的赞！五颗星！,5.0,2015-04-04 16:34:59
金小津,杭州,还行，元素多了杂了，没有了第一部的感觉,4.0,2015-04-04 13:33:15
wjlm202,重庆,比较精彩，喜欢,4.0,2015-04-04 07:40:35
Unique_hom,宁德,精彩，空间穿梭简直酷炫，看完后心中一直有个疑问，最后洛基没死居然还变成奥丁的模样坐在王位上，那么问题来了，奥丁到哪里去了。,5.0,2015-04-03 23:05:07
PkA974549271,重庆,还可以还可以还可以,4.0,2015-04-03 19:34:37
lulu541979,,喜欢，特效好,5.0,2015-04-03 19:10:11
不唯医,重庆,还不错吧，可以看看打发时间↖(^ω^)↗,5.0,2015-04-03 17:46:51
一潇潇,重庆,太好看了！！洛基棒棒的,5.0,2015-04-03 17:08:15
Alex•睿,西安,兄弟同心，其利断金，可是洛基性格变化太大了吧，恶作剧的本领还玩到王位上了。2的剧情完全是额外添加，简单粗暴爆米花，用了以太能量的麻辣鸡丝还是抵不过锤神的一锤。MAX毒舌爆场啊可是难敌平庸流水化。,3.5,2015-04-03 14:22:55
fKx804907476,沈阳,很不错 非常好 期待已久 赶快出下一部吧,5.0,2015-04-03 14:07:19
Wan2831061,武汉,好 不错 非常好,3.5,2015-04-03 11:01:28
sUB237322906,扬州,好好、、、、、、、、、、、、、,4.5,2015-03-29 17:29:29
chen251573928,常州,还行  不错……,4.5,2015-03-29 16:55:40
咩咩79,常州,简直是神作，不看后悔,5.0,2015-03-29 13:44:25
嗷呜不是,重庆,好看啊！灰常喜欢哦～,5.0,2015-03-29 11:10:05
大尾巴狼100,贵阳,还行，不如第一步好看,5.0,2015-03-29 10:17:37
zglf4209,西安,神话作品，挺不错哦！,4.0,2015-03-28 23:39:23
uwk445267463,上海,这个不太喜欢。比较虚幻。不是我的菜,5.0,2015-03-28 20:32:36
FionaYoung0316,重庆,陪老公看，自己无感,4.0,2015-03-28 17:12:58
justyoumiaomiao,镇江,好看的的的的的,5.0,2015-03-28 15:52:57
wei5419,海口,定向码字，其他点赞,5.0,2015-03-28 15:37:07
谢亚雯444,东莞,不错，剧情一般，特效很好,3.5,2015-03-27 19:10:18
13735462122,绍兴,美国大片，过过眼瘾,3.5,2015-03-27 17:22:18
qjy0710,深圳,带老姐去看得，感觉不错,4.5,2015-03-27 15:35:14
wweea,扬州,还行吧随便看看,3.5,2015-03-27 15:03:58
CZi332087660,北京,一般般吧 无脑片,3.5,2015-03-27 10:13:45
贾海澜,,high起来,5.0,2015-03-21 16:38:36
AI_樂,深圳,还可以，雷神很帅,5.0,2015-03-21 14:29:01
Zhou娜,运城,！！！！！！,5.0,2015-03-21 00:17:52
长云,金华,不错，很不错的,5.0,2015-03-20 22:15:25
ME_陶少,重庆,不错不错，可以看,4.0,2015-03-20 18:58:45
w5819096,桂林,很好。剧情很不错,4.5,2015-03-20 18:12:20
Jomi7,常州,还是特技分，看得很过瘾,3.5,2015-03-20 17:54:54
xiaomakuaipaoao,沈阳,还好！值得看！,0.0,2015-03-20 17:07:20
买火柴的楚楚,苏州,好莱坞的片子就是好看！,4.0,2015-03-20 13:24:29
墨凌毅,宜昌,太好看了，好帅气,5.0,2015-03-20 13:14:11
xixi蚂蚁,合肥,大制作的水准  不错 好看,5.0,2015-03-20 11:06:29
萌萌的恰恰丶,上海,大爱抖森萌萌哒~~~,5.0,2015-03-20 07:47:56
大海的海i,常州,好好好 好好好,5.0,2015-03-20 02:35:11
那那那口虫,上海,为了男神3刷 相比雷1剧情丰富一点 人物性格也更饱满 只是老套的反派无论多强大都被逆袭让人忍不住想吐槽 话痨基神还有变身那里不能更萌加分满满 等完结篇咯,5.0,2015-03-20 02:02:06
pinky_jing1111,武汉,喜欢这里！！！！,5.0,2015-03-19 19:19:41
芮芮1025,深圳,挺好看的啦啦,4.5,2015-03-16 04:10:35
cuit_edu_cn,深圳,谁还记得啊 那么久了,4.5,2015-03-15 17:08:04
安静了25,深圳,好，很好，非常好,5.0,2015-03-15 15:13:26
刘梦竹Zoe,抚顺,很好！！！！！,5.0,2015-03-15 14:24:27
cpc9294635594,广州,还行，漫威的不会令人失望,4.5,2015-03-15 14:04:33
jiayina1314,无锡,很喜欢这片子，很好看,5.0,2015-03-15 13:30:49
wangxiaohengbg,成都,黑好！！！！！！,5.0,2015-03-15 12:25:50
WFcccmmm,苏州,超级好看，雷神帅！,5.0,2015-03-15 11:08:13
christinaxu0630,沈阳,还可以吧，英雄主题。,4.0,2015-03-15 09:31:16
Cxp18602204970,天津,挺好看的，全程无尿点,5.0,2015-03-15 03:12:16
13640208383,广州,好看吧，太久了都忘记剧情了,4.5,2015-03-14 18:18:35
believe.me小强,天津,好看好看好看,5.0,2015-03-14 17:22:13
伽蓝zz,北京,还不错。。。,3.5,2015-03-14 12:59:29
功夫熊猫19901030,天津,比较喜欢看，赞,4.5,2015-03-14 11:06:07
erg504050536,合肥,一丿丨丶丿一一广@不错不错,5.0,2015-03-13 23:47:09
1会飞的青蛙,东莞,我觉得还挺好看，画面震撼，情节也挺好，有一定悬念，值得推荐。,5.0,2015-03-10 09:05:25
七月流星雨,重庆,很好的电影 值的去看,4.0,2015-03-10 00:18:40
kevin487,长沙,哥哥太溺爱弟弟,4.0,2015-03-09 22:41:28
大兔纸小猫咪,苏州,必看必看啊啊啊,5.0,2015-03-09 21:48:00
chonspk,武汉,没想象中的那么棒,3.0,2015-03-09 21:30:02
arbertzhang,武汉,还不错，传统美式英雄教育片,5.0,2015-03-09 14:39:19
bQg206551752,重庆,给力，壮观，牛,5.0,2015-03-09 11:23:49
Jim1204,贵阳,非常好看，期待第三部。,5.0,2015-03-09 09:10:20
笨蛋358,成都,！！！！！！！！！,4.5,2015-03-08 21:47:53
kzr504888992,福州,第一部没看，先看第二部，挺好看的,5.0,2015-03-08 21:02:37
智慧联结,重庆,好看，推荐一下,4.5,2015-03-08 20:12:02
夜月魅雪,天津,超喜欢雷神！期待！,5.0,2015-03-08 15:38:55
zjl200874759,上海,最后的boss就是逗b就会2技能，还没有伤害。那个王后一看就是法师嘛，为什么上去平a不用技能？无聊不好看,5.0,2015-03-08 03:02:48
马上要变狗了,重庆,很好很好很好,5.0,2015-03-08 00:53:41
gMi170316942,成都,嘿嘿，还行么。,3.5,2015-03-07 23:39:46
LJ蝎子,东莞,很喜欢，效果棒棒哒，音效很好！下次还会再去。,4.5,2015-03-03 17:39:59
蓝蝶飘舞,深圳,还可以，锤子挺给力的,4.0,2015-03-03 17:32:17
fizhu,嘉兴,挺好的，不错哦,5.0,2015-03-03 16:53:49
daniel_zhe,北京,不错过，真心不错,5.0,2015-03-03 16:05:46
lulu0606,无锡,有些片段蛮搞笑的。,4.5,2015-03-03 10:16:48
onepiecezm,重庆,相当的好看！,5.0,2015-03-02 22:25:29
飞鱼X,湛江,没亮点，也没什么好看。,3.0,2015-03-02 12:19:49
pJJ602025239,重庆,雷1在网上怎么看不到呢？,4.0,2015-03-02 03:45:20
珮珮LP,常州,害苦繁荣阿我,4.0,2015-03-01 23:11:14
zixuan137400,兴安盟,个人觉得还可以吧,3.0,2015-03-01 22:44:15
二两米线,重庆,逗比的剧情逗比的人设逗比的我无比逗比的看完了，最重要的是我还觉得黑好看,5.0,2015-03-01 20:59:38
烫心儿0526,哈尔滨,棒棒的片子……,4.5,2015-03-01 15:12:05
kZg13809428861,贵阳,有点乱，小孩还是喜欢。,4.0,2015-03-01 12:42:25
13951582918,无锡,很好的。可以的,5.0,2015-03-01 10:54:02
520小雪,惠州,电影是很好看的，值得去欣赏的哦！赞,5.0,2015-03-01 10:15:17
jackle111,上海,一般，不会再看第二次的那种。,3.5,2015-02-26 08:31:37
慕晨ZR,合肥,没看过1所以看着还算可以吧！,5.0,2015-02-25 19:33:35
LMS18674104866,应城,好看，很帅～嘿嘿,5.0,2015-02-25 17:52:32
baobeiyuyu89,鞍山,不错啊！好看啊！,5.0,2015-02-25 15:59:48
菜园子呗,兴安盟,电影还好就是上映时间太慢。,5.0,2015-02-25 14:15:25
csr0328,沈阳,好评，特别有意思,5.0,2015-02-25 13:33:57
chzb_yh,成都,好看好看，值的,4.5,2015-02-25 13:28:52
nilage,北京,感谢漫威   带给我们如此美妙的体验,4.5,2015-02-25 11:30:08
鲁西菲斯,沈阳,影片很不错！ 下次再来！,5.0,2015-02-25 10:45:51
豆豆7283036,常州,还可以。蛮好看的。,4.5,2015-02-25 10:20:58
你只属于我520,苏州,很好看的，喜欢,5.0,2015-02-25 09:35:09
蜗阿牛945,抚州,有锤子，就是牛,3.0,2015-02-25 06:58:25
张叶敏,无锡,好看，期待下一步,5.0,2015-02-25 00:42:30
伟大的毛哥,广州,一直忘了评价啦，电影不错，院线也可以,4.0,2015-02-24 21:24:23
赵伯伯1988,天津,不喜欢看这种大片,3.0,2015-02-24 16:25:49
BCf13696965080,厦门,不看后悔，简直是神做，太好看了，棒棒棒,5.0,2015-02-21 14:25:49
C草莓君,天津,喜欢洛基，我的帅弟弟,5.0,2015-02-21 14:24:52
fcU543746460,三亚,电影还行，特效好,4.0,2015-02-21 09:46:08
蜀中张三疯,重庆,好看，结局出乎意外,3.5,2015-02-21 05:20:16
DiQiSoft,清远,电影不错，有空了下高清收藏。,5.0,2015-02-21 02:00:02
flymouse7,陇南,还不错哦，动作不错,4.0,2015-02-21 00:28:41
安第斯的风之子,保山,一般般吧，还算值,4.0,2015-02-21 00:12:19
qincyan2008,渭南,Wygjjgfdjj,5.0,2015-02-21 00:02:48
Kelly2599,深圳,不错哦。而且我的女神在里面。,5.0,2015-02-20 18:59:44
yang以柔,深圳,金竹水戈壁畫工,5.0,2015-02-20 18:46:04
denglingjiang,昆明,好看！！！！！,5.0,2015-02-20 18:14:59
猫咪饼干,福州,不错，值得看。,4.0,2015-02-20 17:03:44
LYM西门彦君,南宁,看到一半在里面打盹，早知道拿票钱去开个钟点房好好睡还好过。,1.5,2015-02-20 17:01:26
小王册木木,淮北,很好看！！值得看,4.5,2015-02-20 12:24:39
可乐加酒,重庆,好看，金典，影视效果也很好…值得去看！,5.0,2015-02-20 12:20:22
fenfen033648,广州,好看，一如既往的喜欢，,4.5,2015-02-16 12:24:45
灯晃e,重庆,很好很好很好,5.0,2015-02-15 21:26:59
Ghost_Jazz,北京,好 非常不错的地方,5.0,2015-02-15 21:26:29
蜗牛爹爹,台州,真心看不不懂  看不懂  看不懂  看不懂  看不懂  看不懂,2.5,2015-02-15 12:21:10
戴健8013,常州,很好很好很好,5.0,2015-02-15 11:24:07
outsider洁,重庆,"喜欢,好好看",5.0,2015-02-15 00:56:37
aIa13616117075,银川,不错真的，震憾,5.0,2015-02-14 20:36:33
少爷你不乖,常州,很好看，后面留下了一点悬念，期待续集,5.0,2015-02-14 17:15:20
孙铭贺,深圳,不看不知道，世界真奇妙,4.5,2015-02-14 16:36:22
Damon84,无锡,好好好好好好,5.0,2015-02-14 16:18:38
qyubaba,上海,还好 不是那么差劲,5.0,2015-02-14 14:51:36
cpc7150380505,重庆,可以不错，可以看,4.0,2015-02-14 13:14:23
老高187,宜兴,视觉效果不错,5.0,2015-02-14 10:56:54
老7旧雨楼,长春,看得中文版，要是原音就更好了,5.0,2015-02-14 09:36:20
冰冰345,沈阳,非常不错，就去他家看电影,5.0,2015-02-14 09:15:02
qaz25802580,福州,不错！大片的感觉,4.5,2015-02-12 15:59:15
小胖狗,昆山,不错的，发表晚了，嘿嘿,4.0,2015-02-12 15:18:03
iWy104074258,武汉,好好好好好好好,5.0,2015-02-12 15:12:48
nSM13812290689,北京,好看，好看，大片，大片～～,5.0,2015-02-12 14:48:04
xiajiayan,深圳,不错，喜欢看外国大片,5.0,2015-02-12 14:25:55
G13141314,重庆,好不错喜欢看喜欢,5.0,2015-02-12 14:13:55
cyq0315,开封,兄弟二人逗比模式开启,5.0,2015-02-12 11:29:02
记忆紫,成都,啦啦啦啦啦啦啦好好概念！！！！！！！！！！！！！！！！！！！！！！！！真好！！！！！！！！！,4.5,2015-02-12 11:12:20
cappchnio86,无锡,很不错，很好看,5.0,2015-02-12 10:46:44
贾一玲,上海,好看好看好看好看,5.0,2015-02-12 08:02:46
王小乔803,无锡,期待有下一部，很赞哦,5.0,2015-02-12 07:54:53
moja168,深圳,ok，效果还不错,5.0,2015-02-12 07:26:16
bryanfeng,广州,好震撼，确实大片，值得一看！,5.0,2015-02-11 19:51:12
Virgo_peak,重庆,不错，比前面一部好看,4.0,2015-02-11 19:23:03
HELLO嘟嘟婷婷,宜昌,还可以可以看,5.0,2015-02-11 14:57:28
_qq4m61319632377,镇江,很好看，很喜欢看,5.0,2015-02-08 16:23:45
kepler_452b,常州,好久的，补一下。,5.0,2015-02-08 13:00:38
becktotti,重庆,很不错的电影，值得一看,4.0,2015-02-08 09:18:40
espfai,天津,画面清晰色彩艳丽,5.0,2015-02-08 00:30:50
夭遥,重庆,还是一如既往的不怎么样啊,3.5,2015-02-07 23:10:43
nathanguo,深圳,很不错哦！！！！！好不错 很不错哦！！！！！好不错,5.0,2015-02-07 18:24:10
家欢欢0831,东莞,不错，挺好看的。,4.5,2015-02-07 17:55:50
sixiaodong1,北京,影片场面宏大，剧情虽然也比较精彩，到也偶尔有些狗血的成分，总体还不错吧,4.5,2015-02-07 16:33:09
jwfmsn,南宁,雷神真么帅气………,5.0,2015-02-07 13:44:32
meining556,沈阳,不错，视觉也挺好 ，效果也挺好,4.0,2015-02-07 13:43:21
aprilprincess,北京,漫威系列，继续期待～,4.0,2015-02-07 13:39:40
neivers,常州,经典美国漫画改变的，挺好看的，雷神好帅,5.0,2015-02-07 11:58:03
牙齿冒汗,重庆,很久以前看过了，忘记了,3.0,2015-02-07 11:50:49
魔女绾绾229,无锡,好看，不错，强,5.0,2015-02-07 11:16:35
芒果鱼鱼,佛山,不错，值得看。,4.5,2015-02-07 10:09:49
mkkou800326,沈阳,一如既往的好，就喜欢ld厅,5.0,2015-02-03 23:11:18
wxn0830,深圳,好好好好好看看,5.0,2015-02-03 20:45:45
MissZhenCang,深圳,大片，特效不错，不枉我大老远跑来看的,4.5,2015-02-03 20:36:47
kita104,武汉,漫威的必须支持,5.0,2015-02-03 16:30:46
_qqwmc1383905501,南昌,漫威宇宙的电影，必然要看啊,4.5,2015-02-03 16:06:48
hwayun,无锡,v,5.0,2015-02-03 11:44:18
Cxc395221607,高密,很不错的可以看看,5.0,2015-02-03 01:34:59
_qq4m21378721438,重庆,不错不错不错。,4.5,2015-02-02 21:05:17
lucas1989,上海,真心好看哦。期待第三部哦。,5.0,2015-02-02 18:23:42
爱兮兮2015,武汉,剧情一般般，颜值比较高！,4.0,2015-02-02 17:41:36
歆咩咩咩,昆明,没有第一部那么让人念念不忘,5.0,2015-02-02 15:48:56
婧小妖baby,常州,可能女暴发户女法官会不会后悔回家,5.0,2015-02-02 15:05:20
13818199049,太原,好看，太好看了！,5.0,2015-02-02 12:43:52
金黄鳄鱼,安顺,感觉还是挺不错的。,5.0,2015-02-02 11:33:16
李思琪1225,武汉,,5.0,2015-02-02 11:32:57
zxp_07,天津,不错，期待下一部,5.0,2015-01-30 18:34:23
kimi11080,上海,挺好看的，满意,3.5,2015-01-30 17:30:59
pQE142757120,重庆,雷神很帅呀 女主也漂亮,4.5,2015-01-30 15:46:07
原来是小黑,泰州,不错哈哈哈笑过,4.0,2015-01-30 15:31:03
西铁城子,合肥,感觉没有银河护卫队好看,3.5,2015-01-30 14:01:02
_qqm821355752845,广州,太阳城真心一般，还有点小贵，就是近，没办法了。,5.0,2015-01-30 11:12:58
短发的你也很美,武汉,简直是神作，不看后悔,5.0,2015-01-30 09:31:59
Bestlove921,荆州,不错，很好！,5.0,2015-01-30 07:50:51
辣甜哥,福州,锤死你，里呵呵呵,5.0,2015-01-30 06:44:47
alF92782238,重庆,国外的大片！好看！！,5.0,2015-01-29 17:48:50
不装逼不会死,芜湖,还不错哦，挺好的,4.5,2015-01-29 17:06:04
yvoonewu,常州,帅哥，没了啊,4.0,2015-01-29 16:41:14
k0201,常州,期待第三部！,5.0,2015-01-29 15:34:40
超级馋鬼,无锡,非常不错啊，值得看哦,3.0,2015-01-29 11:36:01
陈磊2118,成都,剧情各方面都不错，还是好莱坞大片好,3.5,2015-01-29 11:35:02
你猜猜我是谁哦,贵港,男朋友很喜欢 洛基很帅！！,5.0,2015-01-27 02:47:44
luping02040122,大连,很刺激！太牛了,4.5,2015-01-26 23:19:31
我的老婆是个神,内江,非常不错，就是无线网络不行，希望改变!,4.0,2015-01-26 20:45:20
_qqfx31384080577,柳州,个人感觉不太喜欢科幻片！！！！,2.0,2015-01-26 17:55:14
Min大人欧巴,广州,捶捶我也爱，可是伦家更爱大胸.么么嗒.,5.0,2015-01-26 15:22:35
cjwtb792,常州,雷神二，雷神确实很二,4.0,2015-01-26 13:53:34
六月雪148,上海,还不错吧，锤子哥很帅。,4.5,2015-01-26 11:32:59
danson8023,上海,画面很精彩绝伦,5.0,2015-01-26 10:57:21
VLE896905003,重庆,很好很好很好,5.0,2015-01-25 23:30:54
wcb87918,成都,还不错的啦啦,5.0,2015-01-25 21:57:12
meigui123,无锡,一般般，没想象的好看,3.5,2015-01-25 21:10:10
hqsimon,南宁,好看~~~~~~~~~,4.0,2015-01-25 20:19:31
15995239507,上海,看了很久了，不错的,5.0,2015-01-25 19:05:38
高山流水兮,深圳,这种西方的神话故事我简直都没有看懂,4.5,2015-01-25 18:40:59
wxx493588488,宜昌,喜欢 喜欢 喜欢,5.0,2015-01-25 15:16:39
zwsha,上海,效果不错，喜欢～,4.0,2015-01-23 22:24:36
ll343463665,宜昌,忠实粉丝，不说大家也懂的,5.0,2015-01-23 22:17:54
stars0302,福州,不错。。。。。,5.0,2015-01-23 18:30:03
Uvw591911233,深圳,锤哥，抖森，一直在围观,4.0,2015-01-23 18:26:27
桥洁19851109,徐州,离家近，不错，不错,5.0,2015-01-23 18:17:35
nKS18908601875,武汉,很好看的电影嘛,5.0,2015-01-23 16:29:24
hzy1976,重庆,可以，不错哦！,5.0,2015-01-23 09:55:12
jkll2008104,成都,一般！还好吧！,3.5,2015-01-23 09:55:06
hztnsj,惠州,电影非常好看,4.5,2015-01-23 01:13:29
kris_360,重庆,还不错？很早之前看得,4.0,2015-01-23 00:52:31
小黑君,东莞,不错不错主角很帅,4.5,2015-01-22 23:12:13
华太太s,福州,不错吧 第一部没看,4.5,2015-01-22 22:29:41
shuise0310,秦皇岛,好评好评好评,5.0,2015-01-22 21:51:53
x5团长,东莞,看完雷神，希望找到一个雷人的神,5.0,2015-01-22 21:49:10
刘晴2011,南京,很好看很有氛围,5.0,2015-01-22 20:34:56
lxV13982029993,重庆,好，很好，非常好，高，很高，非常高。,4.0,2015-01-20 16:07:40
哲先生女鞋店,重庆,一半一半的，没亮点,2.5,2015-01-20 15:27:38
王论259,重庆,时间太久记不清楚了,3.5,2015-01-20 13:31:56
chenshi1018,武汉,棒棒棒，很值得,5.0,2015-01-20 12:20:54
Sourceqi,广州,非常好，拍拍拖，看看电影。,5.0,2015-01-20 10:36:07
满满ty,广州,很不错的呀！,5.0,2015-01-20 09:01:24
嚒aa11,南宁,这个超好看，会一直追下去，故事情节很有感觉。,5.0,2015-01-20 08:02:05
koalallp,北京,帮同事买的，说是孩子很喜欢看。,5.0,2015-01-20 06:07:37
miaochelle,镇江,男主挺帅的！其他没什么,5.0,2015-01-19 23:53:00
宅男光军,南昌,感觉没第一集好看！,5.0,2015-01-19 23:33:18
崔yf0815,秦皇岛,电影真心不好看,1.5,2015-01-19 21:47:53
leon勇,上海,蛮好看的，可看。,4.5,2015-01-19 21:43:05
SVO676623328,西安,我喜欢的剧。男主超帅,4.5,2015-01-19 19:37:25
随风8655,黔西南,可以，不错，喜欢雷神,5.0,2015-01-19 18:09:21
大小虎蛋儿,呼和浩特,和预期一样，很好,5.0,2015-01-19 15:58:47
MWW1983,深圳,不错……………………………………@,5,2015-01-17 18:30:39
小克教授,常州,漫威的电影每一部我会看,5,2015-01-17 17:39:07
maviscxy,重庆,还可以看的一部电影！！！,5,2015-01-17 17:12:50
竹竹竹子先生,慈溪,还好好好好好好,5,2015-01-17 16:17:39
Allbvmvsel,太原,好看好看好看,5,2015-01-17 12:59:32
文静cici,成都,10分，因为爱,5,2015-01-17 12:13:57
gleo,重庆,,5,2015-01-17 12:11:05
chillywang,惠州,超赞，19.9一张很划算，希望一直都有这样的活动啦,5,2015-01-17 11:33:32
15823070257,重庆,第一次和他单独看电影，应该不会忘的！,4,2015-01-17 10:08:47
鑫娃.萌宝,重庆,恩，可以，不错！,5,2015-01-17 10:03:55
aEL246092998,上海,不过，喜欢，可以,5,2015-01-17 00:27:12
hanwf2003,深圳,不错，还好啊。,4,2015-01-16 23:43:09
keke37748,深圳,比第一部精彩,5,2015-01-16 22:42:18
92yifeng,常州,值得看，拍的不错,5,2015-01-16 22:27:10
小雨流11,秦皇岛,还是喜欢这种片子，剧情在精细点儿就好了,5,2015-01-16 22:10:58
5555爱甜甜,天津,当时不让评价，现在又让評價了,5.0,2015-01-14 19:40:05
小陈小卓,徐州,孤单一人行了,5.0,2015-01-14 19:27:57
yanzhenbang,福州,海星海星海星,5.0,2015-01-14 18:56:46
夏梦云403,巢湖,不错，挺好看的,5.0,2015-01-14 17:06:10
jj19898,泰州,,5.0,2015-01-14 15:51:54
彭美林,宜昌,好看，划算，还会再来的,5.0,2015-01-14 13:58:29
隹白,上海,还行吧影厅有点小,5.0,2015-01-14 12:37:56
liu_gang,沈阳,给家人团的！说挺好的！,5.0,2015-01-14 10:15:43
玖肆愛祥,重庆,好看  喜欢,3.5,2015-01-14 10:05:26
krp632092531,重庆,大片就是刺激刺激眼睛放松下。,3.0,2015-01-14 09:51:39
nnwv,常州,电影真的不错,5.0,2015-01-13 23:11:01
单纯土豆,苏州,电影感觉一般般，有点还太于美化了，很不真实，画面还是蛮好的！,5.0,2015-01-13 22:42:25
SunnyBaby....,中山,3D效果不错,5.0,2015-01-13 21:39:47
J.C545,莆田,在一起来说明白,4.0,2015-01-13 20:03:41
kingjian83115,宜昌,电影很有震撼感！！,5.0,2015-01-13 19:59:32
mia0502,上海,还不错哦，值得这张票！,5.0,2015-01-12 09:04:16
xu南xu,无锡,挺好看的。。。。。。,4.0,2015-01-12 08:43:03
imsmilesue,北京,好看的很啊！,5.0,2015-01-12 02:01:55
haishen888,大连,非常的好看啊,5.0,2015-01-12 00:18:46
海千山千945,上海,♡(  ॢꈍ૩ꈍ)੭*cнϋ♡४*ପ꒰⑅•ᴗ•｡꒱໊੭♡♩洛基好帅！♪───Ｏ（≧∇≦）Ｏ────♪不要阻止我舔男神！*･゜ﾟ･*:.｡..｡.:*･'(*ﾟ▽ﾟ*)'･*:.｡. .｡.:*･゜ﾟ･*快点拍续集啊！,4.5,2015-01-11 23:20:39
daiaben,无锡,老地方…还是那个人…,5.0,2015-01-11 22:51:56
咘immortal朽,上海,好看看看看,4.5,2015-01-11 22:02:32
nzn652906704,连云港,精彩绝伦！！！！！,5.0,2015-01-11 21:34:33
15262968686,镇江,v 姐姐看 v 将加快,5.0,2015-01-11 21:32:15
sophfie,成都,好莱坞式的大片,4.5,2015-01-11 20:10:27
此账户异常,贵阳,特效做的不错,4.0,2015-01-11 19:58:46
yukkiai,重庆,漫威的不得不看,3.5,2015-01-11 18:51:08
aQC13840367977,沈阳,片子不错，喜欢这类型的片子,5.0,2015-01-11 18:04:56
sutao66666,上海,我要是雷神就好了,5.0,2015-01-11 17:34:25
夜里死,上海,男主角感觉像是打酱油的。,5.0,2015-01-11 17:14:20
都市莉人,常州,没事看看还可以。,3.5,2015-01-10 21:23:14
春田豆豆,常州,超级好看的，赞一个,5.0,2015-01-10 21:06:35
heavenwjx,成都,挺不错的哈哈,5.0,2015-01-10 20:17:11
李力027,武汉,可以，好看，不错,5.0,2015-01-10 20:13:50
linyou8813,福州,轰轰烈烈咯莫咯了,5.0,2015-01-10 19:35:36
香格里拉情缘,丽江,不错，很喜欢这种剧情,4.0,2015-01-10 19:22:34
kelly655839,镇江,好看呢！选座方便,5.0,2015-01-10 18:31:11
曾小郴,广州,挺好看的。还不错,4.5,2015-01-10 16:17:07
不喝水的石頭,杭州,不错不错不错不错,4.0,2015-01-10 16:03:24
海洋1155,成都,还可以，喜欢这个地方。可以去看一下！,3.5,2015-01-10 15:32:53
马蹄莲姓马,常州,很失望，看看都睡着了。,3.0,2015-01-10 15:21:55
Lib15285121026,贵阳,好看^_^^_^,5.0,2015-01-10 14:25:41
丁钉972,成都,很好看，不错哦,5.0,2015-01-10 13:47:20
seven七仔,深圳,我的漫威大法好,5.0,2015-01-10 12:50:29
恬甜de,福州,画面效果很好,5.0,2015-01-10 12:48:38
pygwy,昆山,不错，很好看,4.0,2015-01-09 14:53:08
潘思瑾小朋友,杭州,还不错看，基情,5.0,2015-01-09 13:44:28
XRYsister,重庆,好看 经典电影啊 期待3,5.0,2015-01-09 13:26:14
柔情似水似你妹..,长沙,现在才说发影评？？,4.5,2015-01-09 12:50:26
wangchenyan,北京,超级好看，划算～,5.0,2015-01-09 12:42:18
菁咕凉,广州,不是我去看的不知道,5.0,2015-01-09 12:31:30
许嫣玲,上海,不错，值得一看,5.0,2015-01-09 12:19:16
刘书禾,重庆,还不错，不过没有一好看。,4.0,2015-01-09 12:15:08
陌上花开sing,深圳,不错  太久了  忘记了,4.5,2015-01-09 11:01:08
爱神来了大姨妈,上海,好看好看好看,5.0,2015-01-09 04:42:09
yutuo007,衡阳,大片 就是大片 情节内容都不重要,4.0,2015-01-09 02:34:16
他山青绕,武汉,大片，值得一看,5.0,2015-01-09 01:09:38
QQ419730,深圳,斤斤计较哈哈哈,5.0,2015-01-09 01:00:34
lavender217520,上海,都忘记有看过这个电影了，很好看吧,5.0,2015-01-08 21:38:01
小脚小手冰冰凉呦,北京,帅帅帅！赞爆了,5.0,2015-01-08 21:25:27
snow牛人,石家庄,感觉还是不错的 怎么现在才让发影评！,5.0,2015-01-08 10:35:47
你伟哥9920,北京,还可以啊，视觉效果不错,4.0,2015-01-08 10:24:04
马德良MDL,徐州,还不错，就是感觉需要加力维持卫生,5.0,2015-01-08 10:07:12
精灵雪儿MM,娄底,期待下一部上映,4.5,2015-01-08 09:38:38
enterjby,鞍山,没看过，不知道为什么要我评价,0.5,2015-01-08 08:55:39
LyK13951211683,常州,女神真漂亮嘎嘎,5.0,2015-01-08 08:38:39
小川,沈阳,非常不错，非常好！,5.0,2015-01-08 01:10:49
桃太娘,常州,漫威出品的都很棒！！简直不能更喜欢,5.0,2015-01-08 00:31:51
LCD泡棉,深圳,好看期待下一部,5.0,2015-01-07 23:52:10
心情FF,哈尔滨,美国大片就是酷,5.0,2015-01-07 23:24:49
老导子,沈阳,还行吧，总体来说不错,4.5,2015-01-07 21:06:56
邓小帅吃天下,海口,大爱破产姐妹麦克斯。,4.5,2015-01-07 20:20:36
专吃好吃的,太仓,不错，喜欢哈哈,4.0,2015-01-07 20:03:02
陈祝杰,深圳,太爛了！ 還可以！,4.0,2015-01-07 20:03:00
刘惠玮,深圳,不错，很好看，现场效果也很不错，地点也方便,4.0,2015-01-07 19:52:44
潇洒的鼬,重庆,IMAX不摆了,0.0,2015-01-06 12:01:22
WSv312895720,重庆,看不懂。。。。。。,2.5,2015-01-06 06:40:07
人生悟,广州,电影很好看，非常不错。,5.0,2015-01-05 19:57:06
彭鹏恺,重庆,哈哈，锤哥和毒舌都很逗,4.0,2015-01-05 16:09:10
lilyb,威海,好看好看好看。,5.0,2015-01-05 14:44:02
VPd906887620,昆明,一年多了，现在再来评价，真心不错哦，大片就是牛,5.0,2015-01-05 13:24:58
冰水霖儿,成都,不错，很喜欢大片,5.0,2015-01-04 23:07:08
_qqv6t1328777056,宁波,还不错，值得一看,5.0,2015-01-04 22:55:25
mellon98,宜昌,good，very good!,5.0,2015-01-04 15:53:22
肖凯1986,海口,不错，很震撼。,4.0,2015-01-04 10:52:34
LbM578026849,重庆,好看。。。。。。,4.5,2015-01-04 03:27:08
FrancisBrooks,重庆,还不错看。。。,5.0,2015-01-04 00:11:58
s白的man,东莞,貴貴貴。。。。相當的貴。。。,4.0,2015-01-03 22:39:20
AK咔咩酱,广州,真的好好看噢,5.0,2015-01-03 21:12:58
kelly9269278,深圳,很不错的一部电影,4.5,2015-01-03 21:06:29
舞乐光,郑州,还是那么性感！,4.0,2014-12-30 15:23:06
yesuanzao123,福州,之前看的，感觉还好,4.0,2014-12-30 12:55:14
婧gg,黄石,好看的，效果很好。,5.0,2014-12-30 08:54:02
cookie1023,苏州,很一般，看完就忘了,3.0,2014-12-29 21:32:24
wyz_Bernice,济南,去年看的了，锤子哥的颜一如既往地高！,5.0,2014-12-29 19:46:35
xiaojie0227,无锡,无聊，看睡着，不好看,3.5,2014-12-29 18:35:32
sakura0911,东莞,(╯3╰)(╯3╰)(╯3╰),5.0,2014-12-29 18:11:49
熊猫佳佳161,成都,还行，爆米花电影,3.5,2014-12-29 17:56:37
我的美妙心情,镇江,没看过，帮别人买的。,5.0,2014-12-29 14:22:25
才不如财,海阳,看过一遍，不想再看了。,3.5,2014-12-29 11:27:49
念山P,常州,很精彩很好看,5.0,2014-12-29 09:14:49
岷玩不灵,成都,非常好看的国外大片。值得一看。,5.0,2014-12-29 04:01:06
deeeqg00,无锡,陪朋友看的，很不错的电影，可以自助拿票,5.0,2014-12-29 00:41:17
疯狂的CC,福清,好好好好好好。。,5.0,2014-12-28 23:25:11
pwZ772416773,昆明,"孩子很喜欢,好",4.5,2014-12-28 18:04:50
纯粹的吃货细胞,广州,不错啦，很棒的,4.5,2014-12-25 11:21:49
姗火,贵阳,是我喜欢的电影风格,3.5,2014-12-25 10:34:18
曹妍512,常州,帮别人团的，不知道好看不好看。,3.0,2014-12-24 23:44:58
pET401899354,太原,还可以…………,5.0,2014-12-24 20:45:02
larkin9527,深圳,what a fabulous movie.  like it so much,5.0,2014-12-24 20:05:55
lnK28010703,重庆,漫威系列的成功之作,5.0,2014-12-24 18:16:40
vuo15889616580,深圳,标准美国大片——,3.0,2014-12-24 16:40:18
ltxr2005,深圳,电影确实好看，很有点意思，推荐下,5.0,2014-12-24 14:28:32
恋猪一族,东莞,12345678910,4.0,2014-12-24 10:25:02
mxqmx,中山,好好，观影体验不错,4.5,2014-12-24 10:20:20
我叫浣宝,南京,不错 大片大场面,4.0,2014-12-23 23:45:36
我是大头哇,无锡,还可以。。。。。。。,4.0,2014-12-23 18:50:42
zoe央央,苏州,很赞~太喜欢了,5.0,2014-12-23 15:39:24
我是你大的大爷,重庆,很好，很不错！,5.0,2014-12-23 15:25:02
石哥很帅,武汉,不错不错不错吧,5.0,2014-12-23 14:44:21
半壶多,绍兴,爆米花大电影。。,2.5,2014-12-19 17:46:58
若非良人,重庆,还行，挺好看的,5.0,2014-12-19 17:40:01
alex,上海,好看，很喜欢主角,5.0,2014-12-19 16:59:40
luoluo336,武汉,还不错咯 值得一看,3.5,2014-12-19 13:16:36
林婕1023,嘉兴,好看，精彩，搞笑,5.0,2014-12-19 10:12:37
老歌丶,厦门,哈哈，基情无限啊！！,5.0,2014-12-19 04:22:38
邱。,赣州,不错，看完2再看1的,5.0,2014-12-19 01:17:34
15828544882,成都,还是非常不错吧,4.0,2014-12-18 15:40:15
忘了疼过,黄冈,不错呀呀呀呀,5.0,2014-12-18 13:51:10
wszjh333,福州,延续1的经典！,5.0,2014-12-18 01:02:19
ewuguangz,重庆,性价比高，比较远,4.0,2014-12-17 17:39:57
jj小红狐,普宁,现在才来追评，只有一个字，好！,5.0,2014-12-17 16:09:45
黑马胖子1982,重庆,很好很不错哦的,5.0,2014-12-17 14:46:41
美丽人生香水1005,杭州,非常好看，推荐下,5.0,2014-12-17 10:48:24
东芳不败1991,吉林,十分好看，期待下部。,5.0,2014-12-16 16:28:40
机智的力锅锅,重庆,主要看场景和画面，还不错,3.5,2014-12-13 09:25:20
村雨村正,运城,这部应该是雷神2，不怎么喜欢看,5.0,2014-12-13 08:43:41
15085965521,贵阳,很好看，不过和我意思看的人现在我不喜欢了，还很讨厌。,5.0,2014-12-13 01:25:30
zlf973515866,上海,场面很震撼，绝对的大片,5.0,2014-12-13 00:28:29
锆石戒指,重庆,基诺真心萌啊！！,5.0,2014-12-12 23:29:37
kmwl886,南宁,好，不错，还可以。,3.5,2014-12-12 21:06:02
freedom锋,东莞,冲着锤哥去看,4.5,2014-12-12 14:31:02
胡菁140,无锡,不错，最又想和老公去看电影了。,5.0,2014-12-12 11:19:58
cuhkleo,扬州,物有所值的电影,5.0,2014-12-12 10:21:41
一人一沙一世界,西安,期待复仇者联盟2,4.0,2014-12-12 02:08:16
落箫尧,昆明,还是挺好看的，那个锤。。。。,5.0,2014-12-11 22:16:14
相信自己LYL,上海,还可以，值得一去,3.5,2014-12-11 19:25:52
xt1333,中山,很好看，效果5错,4.0,2014-12-11 13:46:57
azrael2143,贵阳,不错哦(⊙o⊙)哦(⊙o⊙)哦(⊙o⊙)哦,4.0,2014-12-11 11:48:07
tmr372886697,汕尾,不错，不错，不错，不错，不错，不错，不错，不错，不错，不错。,4.5,2014-12-10 22:58:02
yYG217183663,北京,好～大片就是大片～,5.0,2014-12-07 11:29:11
jum07,深圳,we are ofen to see .,4.5,2014-12-07 08:00:10
taoting1986,重庆,这部片子很多看,4.0,2014-12-06 20:40:14
lychee19,上海,好看棒棒哒，看了好久了，忘了来评价了,4.5,2014-12-06 17:44:21
齐囍,重庆,好看、人少！喜欢,4.5,2014-12-06 14:23:03
jmtgad,上海,很好看，场景很大，值得推荐,4.0,2014-12-06 13:54:20
joylee0117,重庆,好，，，，，，，，,5.0,2014-12-06 13:07:09
X荆轲刺秦王X,杭州,不错。 不错。 不错。 不错。 不错。 不错。 不错。 不错。 不错。 不错。 不错。 不错。 不错。 不错。 不错。 不错。,5.0,2014-12-06 11:27:57
山葵酱,重庆,可以，让我开始看绿巨人，雷神1，复仇者联盟，美国队长,5.0,2014-12-06 11:17:05
cky7800,常州,不错了，。。。。。,3.5,2014-12-06 09:09:36
zUM352828941,上海,效果很好，没看过1，直接从2开始看的,4.0,2014-12-06 01:41:56
窦伟Jovid,广州,好好像是否有即刻,4.5,2014-12-05 23:18:29
xisuo4,鄂尔多斯,大爱抖森啊啊～,5.0,2014-12-05 21:19:32
hyde_bin,天津,效果不错，剧情也挺好,4.0,2014-12-05 10:36:31
smjhbtcm,北京,很近，挺不错的,4.5,2014-12-05 10:32:33
森林小妖ykx,忻州,好，看的睡着了,5.0,2014-12-01 14:38:20
龙城胖胖,常州,挺不错的啊，我喜欢,5.0,2014-12-01 13:17:13
wadeppkx,重庆,锤基棒棒哒，喜欢,5.0,2014-12-01 11:24:09
嘉年华537,重庆,没有到达期待值，从时长上看都不诚心,4.0,2014-12-01 11:01:40
CWMAOMAO,福州,好看好看好看。。,5.0,2014-11-30 23:39:23
libo201120,无锡,传统的宣扬民主自由的美式英雄,3.5,2014-11-30 20:30:15
豆豆仔801,重庆,可以，可以，可以,5.0,2014-11-30 19:21:20
小基你好,贵阳,不错的吗！！！！,4.5,2014-11-30 17:47:54
siriuszx,台州,挺好看的，好评！,4.5,2014-11-30 16:50:15
xuming821083487,深圳,还不错吧。经常过来。离我们这边也很近,4.0,2014-11-30 16:45:01
wong813,常州,非常棒！期待下一部，谢谢,3.0,2014-11-30 13:58:16
西西果lucy,重庆,喜欢锤哥不解释,4.5,2014-11-30 10:49:16
GJY默默,重庆,哇(⊙o⊙)哇，太好看了！,5.0,2014-11-30 10:25:23
G617829673,无锡,不错很美丽的电影,5.0,2014-11-30 09:04:41
eDH203022894,汕头,“”烦烦烦反反复复反反复复,5.0,2014-11-30 05:01:09
向品可爱多多多多,北京,不记得看的咋样了。,4.5,2014-11-27 10:50:58
vtS589037300,重庆,英雄、精彩。好看。,0.0,2014-11-27 02:11:50
心中有家,武汉,很好！很好！很好！,5.0,2014-11-26 20:26:35
YIN13163217289,武汉,好看。非常的不错哦,5.0,2014-11-26 18:48:12
_qqd531376735823,昆明,哈哈哈哈哈哈哈,5.0,2014-11-26 17:29:08
大麻烦呀,苏州,好看！双十一去看的,5.0,2014-11-26 17:18:02
耶哈哈哈哈,上海,电影一般般吧，打打杀杀的就这样,3.5,2014-11-26 11:40:26
hegris,潍坊,各种穿越，还有经典的麻辣鸡丝,5.0,2014-11-26 10:16:18
pzU18611732037,北京,还可以，很刺激，,4.0,2014-11-26 09:18:05
Lindy－T,宜昌,牛逼的电影！！！,5.0,2014-11-26 05:33:52
zyc2908226,沈阳,超喜欢漫威动画，每一部都好看！更期待下一部！,5.0,2014-11-26 01:06:07
wt13424158149,深圳,挺好的   好评,5.0,2014-11-25 19:59:14
之无,重庆,挺好的，支持顶起,4.5,2014-11-25 13:26:17
WRn15808792737,昆明,不错哈哈哈哈！,5.0,2014-11-24 23:24:44
wensibo2006,天津,雷神系列一直比较弱，只靠演员撑着,3.0,2014-11-24 22:55:41
媛元007,沈阳,感觉很好，去的人不多，效果不错。,5.0,2014-11-22 08:10:37
suwanning,深圳,蛮喜欢的，很震撼,3.5,2014-11-21 11:39:02
呼啦啦唷,莆田,震撼，雷神好帅！,5.0,2014-11-21 11:18:47
hpoldmoon,深圳,场面略显得灰暗，漫威电影彩蛋太多了，浪费我们的时间。,4.5,2014-11-21 11:18:09
Vincent阿灿,武汉,非常不错的电影,5.0,2014-11-21 11:06:26
mahj_1987,成都,好看啊啊啊啊啊啊,5.0,2014-11-21 09:40:52
没有大毛别出对,天津,雷神 哈哈 跟老妹去的 值得一看,5.0,2014-11-21 01:28:44
李584518,上海,好看好看好看好看好看好看好看,5.0,2014-11-21 01:20:08
aoyer,石家庄,还不错吧，3d效果一般,4.5,2014-11-21 01:01:43
wwc3399862,成都,期待下一步神作。。,4.0,2014-11-21 00:17:13
落熙欧,常州,过去一年才评价，依稀记得内容，总体感觉不错,4.5,2014-11-20 19:43:05
唐宋元明清424,武汉,还可以呢，大家去看看,4.0,2014-11-20 17:44:55
陈晓清716,北京,我来晚了，这么久才来评价,5.0,2014-11-20 16:52:36
小猪妮jj,重庆,好看，相当精彩,5.0,2014-11-20 16:51:06
戟战清风,重庆,震撼啊，希望出3,5.0,2014-11-20 13:35:30
_qqmw31329313527,重庆,还可以啊啊啊啊啊啊啊啊啊啊啊啊啊啊啊啊啊啊,5.0,2014-11-17 12:34:59
最佳损友487,成都,不错不错不错不错,4.0,2014-11-17 11:19:53
dengs.official,成都,看了一段时间了！电影很不错，这一系列也都可以,4.5,2014-11-17 11:05:04
gouyankeke,营口,非常好！值得一看,5.0,2014-11-17 10:53:28
hemc72,南宁,抖森很萌很搞怪，锤子很帅而且还长脑了，很好。笑点设计得很不错。但是后面有个梗不明白：锤子去看监狱里的抖森时能看穿他的伪装，为什么结尾时看不出？,4.5,2014-11-17 04:43:52
依然小牧,镇江,感觉还可以，不错,5.0,2014-11-16 22:04:10
霖小霖霖,朝阳,之前忘了评价，真的很满意,5.0,2014-11-16 21:25:11
时光如水tang,重庆,整体来说还不错,5.0,2014-11-16 18:58:56
peterpanelf,常州,好看的影片 洛基雷神抢镜,5.0,2014-11-16 18:24:46
xiamizy78,铜仁,一般吧，不是很精彩,4.0,2014-11-16 16:41:53
嗷呜嗷呜嗷,成都,帅！喜欢！不错,5.0,2014-11-16 15:04:35
mHi538816230,长沙,还行～挺不错的,5.0,2014-11-16 12:29:14
起子vivi,惠州,哈哈哈哈哈哈哈哈哈哈哈,5.0,2014-11-16 08:42:42
丹尼尔阿格5,南京,,5.0,2014-11-15 22:02:53
qsplhm,成都,很不错。值得看。,5.0,2014-11-15 21:08:52
望不尽你,秦皇岛,很好看，下次还去金逸,5.0,2014-11-14 13:50:02
林小孒,合肥,浪费钱，～～～～～～,4.0,2014-11-14 10:18:57
昨日阳光,广州,强！威漫电影从来没有让我失望过,5.0,2014-11-14 09:41:16
d0080a,衡阳,还可以，好久了,3.5,2014-11-14 09:39:47
amry828,常州,不错滴不错滴嗯,5.0,2014-11-14 08:19:35
拖拖_鞋,重庆,还可以，剧情很精彩,4.5,2014-11-14 01:26:02
_sina46219753090,福州,好看，不错，挺好,5.0,2014-11-13 23:52:57
mma009,台州,一般，白受期待了,4.0,2014-11-13 22:27:49
施主湿了吗,重庆,特效可以，值得一看,3.0,2014-11-13 20:59:32
leo07777,重庆,好好好好好好 好好好好好好,5.0,2014-11-13 20:20:52
无敌小D东,海口,不错的片子！啦啦啦,5.0,2014-11-13 20:13:11
ken541888,重庆,明天我来试试………,5.0,2014-11-13 19:00:01
BaoGangq123,重庆,好看好看好看！,4.5,2014-11-13 16:42:02
vRF107760611,东莞,不错不错 挺好的,5.0,2014-11-13 14:57:06
AWj18624005366,抚顺,好久之前的一直忘了评价，不过真是不错,5.0,2014-11-13 12:18:10
bNw51486518,常州,很有感觉的好看,5.0,2014-11-11 19:33:37
kami丨神,重庆,好看 效果爽爆了,5.0,2014-11-11 19:27:40
正在移动,重庆,不怎么好看。。,3.5,2014-11-11 18:19:51
gbpn55,常州,很好看，很搞笑,5.0,2014-11-11 16:09:05
暗夜的眼眸,杭州,很不错，效果也不错。,5.0,2014-11-11 15:27:29
wkbedook,天津,挺好的 拍的不错,5.0,2014-11-11 15:02:01
curly张,广州,继续支持，有空再去。,5.0,2014-11-11 14:14:37
gbpn33,常州,电影很好看，效果很棒,5.0,2014-11-11 13:59:37
欢宝贝,武汉,很好看！支持猫眼,5.0,2014-11-11 12:41:52
棒棒糖637,长沙,一般吧，但还算的上是大片。,4.0,2014-11-11 11:56:25
禁断高达,广州,挺好看的，承接一不错。,4.5,2014-11-11 11:22:03
掌心握无限,芜湖,选座就是坑啊，。。。。。。。。,2.5,2014-11-11 08:15:00
蓉蓉的美团网,东莞,没有看，过期了,1.0,2014-11-11 02:13:59
GpL13502073497,天津,没有宣传的那么好看，一般般,4.0,2014-11-11 00:36:42
wpk41,沈阳,整体来说还不错,4.0,2014-11-11 00:06:51
万解,武汉,雷神就不用说了！依旧那么暴力美学！很棒！,5.0,2014-11-09 00:40:05
jinchunxuan,徐州,好看啊啊啊啊啊,5.0,2014-11-08 20:32:34
安130王好啊,成都,场面一般宏大，还可以了,5.0,2014-11-08 17:35:07
熊猫爱吃各种鱼,重庆,太欢乐了简直逗死我了,5.0,2014-11-08 14:22:46
_qq7z41383915052,重庆,将就看吧。。。,5.0,2014-11-08 13:51:55
pinocchio28,上海,b。。。。。。,3.0,2014-11-08 13:46:32
季家三少,常州,不错的电影，很奇幻,5.0,2014-11-08 12:47:09
zanu99,福州,不错的片子啊~,5.0,2014-11-08 12:35:46
koala0925,北京,超级值，不知道今年还有没有,5.0,2014-11-08 12:19:03
李吉梅186,重庆,还行还行还行 还行还行还行,3.5,2014-11-08 12:08:21
恩馨她爸,杭州,不错，3D的就是不一样,5.0,2014-11-08 09:39:16
陈开心美团,福州,感觉还不错好可以,4.0,2014-11-08 00:44:03
mdC376502632,成都,再来几个漂亮的女主就更好了,5.0,2014-11-07 22:14:17
下一站幸福star,沈阳,电影非常好看哦！,5.0,2014-11-07 21:43:57
猫儿果,广州,不错，应该还会去吧,5.0,2014-11-07 20:19:06
江河lst,重庆,哈哈哈还好还好,3.5,2014-11-06 00:35:40
lily小9,沈阳,挺好的，门口查的严,3.5,2014-11-05 22:01:49
夏天315614342,杭州,不错的，喜欢，主要还是近啦！,5.0,2014-11-05 19:40:43
Gaoarwen,西安,主要去看俊男美女,4.0,2014-11-05 19:29:15
KJK789167690,桂林,离得近，效果好,5.0,2014-11-05 18:02:38
子月流萤,常州,好看个毛毛啊。。。,3.0,2014-11-05 17:25:06
gephd,宁波,好看，和第一集一样精彩,5.0,2014-11-05 16:18:08
我要种稻,扬州,大片看就是不一样，满意,5.0,2014-11-05 15:13:02
byn紫彦,扬州,还行吧，很神话！,5.0,2014-11-05 14:15:18
_qq2cd1356858795,重庆,美国电影啊，都是看了就忘,2.5,2014-11-05 13:36:22
欣澜笑,福州,一如既往好哒……,5.0,2014-11-05 00:09:07
cym51107,深圳,好看，非常感谢。,4.0,2014-11-04 23:06:13
Kong230333829,重庆,不错哦。大片就是好,5.0,2014-11-04 21:50:16
芭比娃娃182,天津,期待雷神3，好看,5.0,2014-11-04 21:10:31
大爽0530,沈阳,没啥意思，太一般了,5.0,2014-11-04 19:57:08
黑仔zhb,重庆,看的4D 视听效果很好,4.0,2014-11-03 15:58:56
MammonYang,常州,不错。。。。。。。。,5.0,2014-11-03 14:59:52
kongkongsun,南京,好看好看好看好看,5.0,2014-11-03 14:41:58
xier1021,天津,宿舍一起去看的  非常不错啊。,5.0,2014-11-03 12:39:17
張家_二少,中山,很不错！既幽默又震撼！,5.0,2014-11-03 11:29:21
shi9847,宜昌,我只想说3D是个渣,5.0,2014-11-03 11:23:16
w874296402,重庆,不错不错，大赞,4.0,2014-11-03 10:59:42
zcxill,无锡,电影一般啊！非要六个字,5.0,2014-11-03 08:46:49
董捷1228,沈阳,自已挺喜欢的！,5.0,2014-11-03 08:37:45
leyoC,重庆,感觉还行吧，比第一部有进步,3.5,2014-11-03 08:02:10
祝丽君猪,武汉,好好好好好好好,5.0,2014-11-03 07:41:29
ZXZ18607763634,秦皇岛,很不错(^_^)Y,5.0,2014-11-03 06:19:15
kikyou.f,广州,还可以的哈哈哈哈,5.0,2014-11-03 03:47:02
cyb993,东莞,效果很不错！下次还来,5.0,2014-11-02 22:39:07
emily_zcl,东莞,一年前看的，还记得很不错哦！,3.5,2014-11-02 21:34:10
气田疯子,重庆,一直都在这里看！,5.0,2014-11-02 09:50:44
袁丫头00,常州,很好看帅哥美女,5.0,2014-11-02 09:02:38
MR.大东322,重庆,好看。。。。。。。,5.0,2014-11-02 01:37:35
GLSAI,广州,漫威出品，必屬佳品！,5.0,2014-11-02 01:06:18
papa精灵,武汉,一直都在看，不错。,5.0,2014-11-02 00:05:27
五分搬砖工,长沙,狗血剧情，只有效果看,3.0,2014-11-01 20:46:39
綺年烬,贵阳,挺喜欢超级英雄系列。,5.0,2014-11-01 18:50:37
nono1984226,上海,好看，刺激，精彩,5.0,2014-11-01 18:08:23
老钱0819,辽阳,电影非常好看。,5.0,2014-11-01 17:28:57
chen123001,武汉,帮别人买的，不知道怎样,5.0,2014-11-01 16:55:06
枫叶魔君,广州,虽然比较假，但系都值得一看！,4.0,2014-11-01 14:58:22
狼人746,重庆,震撼，惊险，奇幻！,5.0,2014-11-01 14:11:21
鹿丸不吃花生,重庆,我走了我在莫。,4.5,2014-11-01 13:46:39
维生素加咖啡,海口,超好看的一部影片，大家快去看吧,5.0,2014-11-01 12:47:44
linb2320,福州,感觉不错，继续看续集,4.5,2014-11-01 12:46:56
Fez588053651,台州,比较好看的了不错,4.0,2014-10-28 19:42:02
jwm87,常州,特技不错！有大片样,4.0,2014-10-28 15:07:30
evawbb0213,成都,还有点小喜剧！,5.0,2014-10-27 11:08:50
杨一炫,深圳,还是一样的perfect,5.0,2014-10-26 10:28:48
tennyelva,,索尔依旧那么帅，抖森依然那么抖，大爱,4.0,2014-10-02 01:26:04
遛猪老爹,,这个超级好看，3D效果超好耶……,4.5,2014-09-17 22:23:12
sunshine_69,,这周末想去看这个。,4.0,2014-08-29 02:43:43
取个破名愣半天,,大片哈，只是3D不习惯,5.0,2014-08-24 11:09:40
桑卡卡夫,,在漫威几大英雄系列中，雷神变成最弱的一环。很简单粗暴的好莱坞大片，完全没有美国队长的深度。影后娜塔莉波曼在这种电影中实在发挥不出演技。不过托尔和洛基的联手还是很有看点的。,4.0,2014-08-06 05:11:00
lunaprince,,想看，期待，托尔好帅，肌肉好帅～流口水～～～ 《雷神2》，推荐，“男儿有尿不去洒，只因无有无聊处” 11.11，星期一，下午1点，一个人，一杯咖啡，一部电影，一个人的快乐，《雷神2》，是“2”～～ 依然的搞笑，这次女配角“麦克斯”（破产姐妹的名字）居然出现，有好多搞笑的地方，比破产姐妹好多了，嘴巴没那么下流，但性格还是那么个性 女主角演技没什么提高。 “弟弟”洛基的演技真好，亦正亦邪的云里雾里，真是让人又爱又恨吧！ “哥哥”托尔，依然是型男帅哥路线，*******。 剧情也很好，无尿点啊，我是忍着尿，不去，看完的，太喜欢了，期待第三集！,5.0,2014-08-04 15:09:41
MwQ955924222,,我会在当日看首播,0.0,2014-08-03 08:58:48
CY099,,抖森 ！！太好看了 支持支持！！,5.0,2014-07-20 08:53:35
祝熔Alias,,这基情，这酸爽！,0.0,2014-07-17 13:45:00
Aimee722,,抖森这个话痨还喜欢卖萌的反派帅爆！剧情也很好，喜欢,5.0,2014-07-09 18:30:43
家俊来了耶,,看了想看第一部,4.5,2014-06-25 17:03:52
不再少年,,美中不足的是结尾没有彩蛋！！,4.0,2014-01-22 15:39:20
樱桃de物语,,就看效果啊，还想看啥,3.0,2014-01-20 00:04:18
橙衣主教,,比第一部好看多了！,4.0,2014-01-18 22:57:55
northwest,,时为西元2013年，距离新墨西哥州陨石坠落事件及毁灭者降临事件已过去两年，距离纽约的奇塔瑞人入侵暨世上最强英雄组合复仇者的首次集结也已过去一年。 简福斯特跟随赛尔维格博士一同到伦敦搞研究，其间博士不知所踪。这天简正与一个名叫理查的对自己颇有好感的男士共进午餐。毕竟还是对大明湖畔的王大锤念念不忘，午餐吃的特别别扭，幸亏此时有简的搭档兼实习生Max前来解,4.5,2014-01-14 17:33:04
粥真清,,当年第一部感觉看着挺一般的，这一部因两个男人的感情火了么… 画面感觉是比第一部好点，女主也有推动故事发展的必要了。,3.5,2014-01-05 17:14:18
jason20070915,,跟第一部大同小异，总体还行,3.5,2013-12-31 15:54:54
不吃腥的猫ella,,3d视觉比第一部强太多了 第一部效果简直** 这次剧情也不错 麦克斯还是适合毒舌红唇吖哈哈哈,4.0,2013-12-28 13:59:35
希希稀饭,,期待中,3.0,2013-12-27 19:23:33
tatamemt,,给Loki点个赞呐,4.0,2013-12-27 14:09:46
vnx13417736920,,难看死了！！,2.0,2013-12-26 08:11:55
sssssq.,,"还好,没什么特别值得一看的地方",3.5,2013-12-21 01:47:55
坏坏好男人x,,一般般吧！！,3.0,2013-12-20 03:13:10
捂脸男,,期中考后去看！！这种大片电影院看才过瘾~,5.0,2013-12-14 22:57:38
张晨,,期待雷神再次降临,4.5,2013-12-12 13:59:49
helloc1987,,期待第三部…,5.0,2013-12-11 13:05:38
王小彬彬彬灬,,我没看懂。不过效果不错。,5.0,2013-12-01 10:09:41
低调的肌肉,,亏我对这个雷神充满期待'和师傅一起看的IMAX.虽然视觉还行'特别是皇后遗体水葬那一段，不过剧情我真不觉得咋滴,3.5,2013-12-01 00:43:23
吴大多,,电脑效果不错，剧情不太喜欢，索尔毕竟是神族，感觉没有其他英雄接地气，呵呵呵。,4.0,2013-11-30 23:24:25
兩朵时光,,不太喜欢科幻的，看不懂，但这个视觉效果比较好，人物，背景，都那么漂亮。最喜欢索尔的悠悠锤，太霸气了，张开手自己就过来了，甘愿被索尔掌控。真汉子，纯爷们，不看就有点小可惜。,5.0,2013-11-30 22:13:59
Z.T.H,,保守打分。喜欢洛基的足智多谋。典型的逻辑怪。擅长冷静思考。俩兄弟各有所长！赞！,3.0,2013-11-30 20:47:12
橙深.,,大爱洛基！ 还有max,4.0,2013-11-30 18:05:53
momokoyummy,,沒有第一集好看,2.5,2013-11-30 14:14:39
dyyjyy,,洛基折腾那么多事唯一的目的就是想让他在乎的人多看他一眼，没长大的叛逆孩子。,5.0,2013-11-30 10:15:07
BaV13888033803,,至今为止在影院看过的最烂的一部片子。剧情混乱，毫无內涵。相当浪费时间，不知道为什么评分还会那么高？看来选片前不能只看置顶的影评。再说此片置顶的几个影评也是顾左右而言他啊。呵呵！,0.5,2013-11-30 08:11:23
泸沽湖边,,近段看的最好片片,5.0,2013-11-29 23:48:21
拂晓枫岚,,还好，一般般，剧情乱烘烘。,3.0,2013-11-29 15:37:39
隐形猫叔,,狗血电影，（╯_╰）p,2.0,2013-11-29 15:30:33
松月阁,,还好吧！还可以！各种1.2.3都和妈妈去看的！,4.0,2013-11-28 20:42:16
_sina99757229930,,不错，內容很精彩,5.0,2013-11-28 16:44:54
gulingfei,,比第一部感觉好了很多，多了人物感情刻画，饱满了起来，不错不错,4.0,2013-11-28 15:27:42
wl175755994,,我女朋友都爱死这部电影了，非常成功，完爆第一部，,5.0,2013-11-25 18:56:03
程洒脱,,看完了以后又回家看了雷1 好帅啊,5.0,2013-11-25 16:50:31
JunieG,,全程无尿点 挺好,4.5,2013-11-25 16:05:07
辰SAMA,,结尾竟然没有彩蛋，为什么要剪掉！,4.5,2013-11-25 15:55:07
你爸爸的baba,,在电影院坐了10min 果断回家,0.5,2013-11-25 15:01:47
奢靡的小狸,,没有超人归来好看。。。,3.5,2013-11-25 13:54:49
nklucia,,loki好萌,5.0,2013-11-25 12:52:52
_qqmwx1383878489,,洛基真是棒极了！！！让人把持不住啊！！！！？？？,5.0,2013-11-25 12:13:29
芙蓉大亨,,都看睡着了，低级的肥皂剧！3d效果一般般,2.0,2013-11-25 12:11:53
Miss路小花,,真心没意思，剧情毫无看点。视觉效果还可以。演的颠三倒四拖拖沓沓，看了一个小时我和朋友果断离开了。太失败了！,2.5,2013-11-25 01:02:19
hanna312,,想说很失望啊 始终不懂讲的什么 总有恶势力与之斗争 哎,3.5,2013-11-24 23:20:58
玫玫,,末了，父亲变了，何时何地改变的……,4.5,2013-11-24 22:50:38
沙拉蜜糖果子酱,,美国人能拯救地球，甚至超越了神。这就是故事主旨。,4.0,2013-11-24 20:56:00
ll闹ll,,洛基有前途。牛逼。,3.5,2013-11-24 20:42:25
让你叫我女王大人,,穿越的好突兀，喜欢Max，没一好看,4.0,2013-11-24 16:25:55
南瓜甜,,因为近视，加上前面那位脑袋一直晃，看得很不爽！,5.0,2013-11-23 17:08:00
夜放肆了寂寞810,,男主角好帅哟,5.0,2013-11-23 16:21:03
ZHANGRUIXI0908,,爱死洛基和雷神。  表示Max在里面搞笑爆了  哈哈,5.0,2013-11-23 16:01:30
_qqdzh1385136960,,确实很搞笑，适合放松娱乐的一部电影。,4.0,2013-11-23 15:28:03
虎斑猫jasmine,,为low-key点赞，可惜戏份有点少，大部分是花瓶式的女主角。期待第三部,4.0,2013-11-23 12:07:29
TylorChen,,最后的那一幕，是为3埋下了伏笔呀，目测3又是兄弟相斗。,5.0,2013-11-23 08:07:47
卢佳Julia,,好有想象的结局啊，坐等下一步,4.5,2013-11-23 01:51:05
libin0551,,一般般没什么的,4.0,2013-11-23 01:28:11
迷糊迷糊猫,,不错，好看的片子。还算值，只是结局小迷茫了一下，是不是还有三。,5.0,2013-11-23 00:35:45
wxmagic,,娜塔莉在本作中彻底沦为花瓶，甚至还比不上戏份更少的女二号。第二部的剧情显然比首作更为宏大，少了一份美式轻喜剧的幽默。此外与抖森幕生死离别的戏较为薄弱，颇有点赚同情的意思。,3.5,2013-11-23 00:01:21
BPE18680005644,,喜欢洛基啊，很好看，期待第三部,5.0,2013-11-22 23:54:00
mangoooooooooo,,前期宣传过猛。根本没多少抖森戏份。。,2.0,2013-11-22 23:48:06
小好ksu,,算不错的了。剧情可以，效果也不差。,4.5,2013-11-22 23:17:55
lz1131787056,,虽然没看过1，但是2给人的感觉已经相当震撼了，编剧真的是天才，可以这样构思，看完感觉还有3，期待中。。。,4.5,2013-11-22 23:06:43
不如跑堂,,"有印象的一幕是，黑暗精灵第一次进攻神域，神域守卫与之交战时，用的是盾和剑，而对方用的是枪炮，有种中国共产党用小米加步枪与装备精良的国民党作战的赶脚，真疑惑当初黑暗精灵怎么会被打败,以及再次被打败，此只是剧情需要，及“邪不胜正”的需要。",2.5,2013-11-22 17:42:55
lazy轴柚,,虽然剧情老套了点 但是洛基在就超级暖场 不是吗哈,5.0,2013-11-21 11:50:05
何故惹清风,,整体上还不错,4.0,2013-11-21 09:26:57
nini1987_,,很棒的片子，朋友们有时间去看看吧,5.0,2013-11-21 09:12:30
dBT522070969,,剧情蛮幽默，很精彩，不过感觉3D和2D效果没啥区别。,5.0,2013-11-20 23:17:28
雷妙言,,剧情虽然比较老套，但不乏一些幽默搞笑，某人的转变也是一大亮点，推荐观看！,5.0,2013-11-20 22:33:39
福中OA网,,总结：我虐我哥千百遍，我哥待我如初恋！,5.0,2013-11-20 22:30:12
_qqd471384952100,,俗套 没什么意思,3.0,2013-11-20 21:05:25
呦呦710,,最后没看懂，某人不是死了吗？为什么最后还会出现,4.5,2013-11-20 18:59:33
紫儿369,,剧情一般，特效就两三个镜头。,3.0,2013-11-20 16:53:57
千li单骑qiao,,太帅了 ！！！,5.0,2013-11-20 16:41:47
Wendy43932349,,赞一个。剧情不错,4.5,2013-11-20 16:25:32
FY15274572223,,没有什么3D效果，剧情也一般。,4.0,2013-11-20 14:32:18
WNGCbb,,影片的质量和导演的功力是绝对的正比关系，续作远胜首作，漫画英雄之路继续前行。,4.0,2013-11-20 14:30:02
week921,,期待第三部。,5.0,2013-11-20 14:12:11
牛奋男回归,,比想象中要差一些。第一3D特效一般；第二情节有些狗血；第三打斗场面不够宏大；第四结束过于仓促。当然最后不同星球来去自如的场景还是要佩服老美的想象力。作为娱乐还可以去看看的。至少比国产片子高出太多。但达不到上层，所以给予一般评论。,3.0,2013-11-20 12:05:33
xiao淘气宝贝,,很好看，洛基很可爱，看雷神1的时候不喜欢他。没感觉有3D效果，还不如做2D的呢。期待雷神3！,4.5,2013-11-18 23:33:46
美眉漂漂游,,很好看的大片,5.0,2013-11-18 23:17:42
暖儿y,,还好吧，就是最后死了的怎么又复活了，不懂,3.0,2013-11-18 22:20:04
菀茹Vicky,,觉得很不错哦，大气又幽默，值得看,5.0,2013-11-18 21:52:29
bubuyueli,,效果和剧情都不错。兄弟依然在相爱相杀，洛基“死”的时候蛮伤心的，虽然是个嘴硬任性狡猾的坏蛋，想不到很爱母亲，他只是想要王位而且不喜欢父亲而已。汤姆抖森人气又要涨了。看《战马》的时候觉得那个帅气军官眼熟，没想起来是洛基。长了一张全是戏的脸，早日登上影帝宝座吧！！！ 影院选错了，应该去金逸看imax。,4.5,2013-11-18 21:01:55
lep9657,,比上部剧情好一些  本来想的会往复仇者联盟2联系 结果是别的,4.5,2013-11-18 20:03:30
司宜君芙,,loki 你是来搞笑的吗 哈哈 大爱啊 假死时心都碎了 我就说嘛 哪儿那么容易死。漫威的电影 一系列看下来的 没什么好评价的 好不好都一直看过来了 也会一直看下去。很有爱,4.0,2013-11-18 15:30:15
niuniutuangou,,还可以。雷神henshuai,3.5,2013-11-18 15:21:12
橘子焦糖leah,,特效做的不错。就是有点磨叽，中间的搞笑不错。,4.0,2013-11-18 12:56:32
云云阁1314,,无尿点，很不错,4.0,2013-11-18 12:46:24
_qqd281384451697,,雷神3在香港取景，以前范冰冰有钢铁3，李冰冰有生化5，现在汤惟有雷神3！这是国际范吗？不过雷神2真的很好看画面很美,5.0,2013-11-18 12:14:09
TeresaLaw,,男主角好man啊，超期待的！！！！,5.0,2013-11-18 11:24:46
女中豪婕Vanya,,看完后发现好像还会有雷神3，总体还不错，洛基在里面倒显得有点可爱了，哈哈,5.0,2013-11-18 11:12:15
熟悉陌生人477,,真的是很佩服美国人的想象力，3d效果实在是一般！,4.0,2013-11-18 09:30:46
D尾巴,,《雷神》2终于来了，预告还不错！,5.0,2013-11-18 08:54:11
zdxl,,不错啊，是为3做足了铺垫了,5.0,2013-11-17 14:04:19
大喵老湿,,你结婚吗哈哈哈哈好,5.0,2013-11-17 13:33:59
李加海,,一般般，科幻电影现在越来越夸张了，想怎么演就怎么演,1.5,2013-11-17 12:50:53
小孩儿游游,,一个人的包场影片 真是很开心 影片最后还是为下集留了悬念……,5.0,2013-11-17 12:33:00
wangyuchitc,,乱打一气看得晕,3.5,2013-11-17 12:32:25
qIL83426224,,真心的好看，好看，比斯大林格勒好看一百倍,5.0,2013-11-17 12:20:43
半夏菡萏,,典型的美国英雄主义电影，比雷神一要好看很多，但是情节合理性方面还是没太好。。。,4.0,2013-11-17 11:18:05
Smallwhisper0927,,第一次看3D的。效果不错,4.5,2013-11-17 11:10:44
致青春阿杰,,最后的悬念是为了下一部的开始，整体还算不错,3.0,2013-11-17 09:52:12
尛尛迪,,"太好看了，画面很震撼,喜欢",5.0,2013-11-17 09:40:22
记忆中转,,影片整体还算不错！,4.0,2013-11-17 08:50:42
择一人终老Love,,我觉得不好看，我男朋友看着都打瞌睡了,0.5,2013-11-17 03:21:41
江鸟鸿535,,可圈可点，时空穿越亮点,3.5,2013-11-17 01:16:14
尐妖精1,,以前看电影不专心是因为身旁有你、现在不专心是因为不再有你在身旁。,5.0,2013-11-17 00:21:08
CLLL木木,,雷神洛基超级有爱呀！特效也很好～美式幽默也是笑料百出，锤子好调皮！还有邪神洛基真的很cool,5.0,2013-11-17 00:03:32
清阅说,,灰常精彩，这种电影果断imax才有更好的效果,4.0,2013-11-16 09:31:44
secondZhang,,比第一部好看太多，入侵神域那一段尤其精彩，千里眼识破隐形飞船追上去那一段帅呆了。跟钢铁侠的幽默不同，《基神2》的幽默主要是配角来发挥，坏坏的洛基和《破产姐妹》的大胸妹，还有打酱油的《IT狂人》男主Roy。,4.0,2013-11-16 01:38:00
自娱与自乐,,感觉挺刺激的。。。剧情一般。。。但是还是不确笑料。。。不过真心感觉现在的3d怎么效果都不是很好？出去3d效果单独说画面还是挺好的。。,4.0,2013-11-16 00:45:00
旧城末屿,,这样的结局。让我很期待3。,3.5,2013-11-15 23:49:13
Danny_w_,,i am crazy about loki,5.0,2013-11-15 23:41:52
郑雨熹,,超喜欢惊奇漫画改编的一系列电影，都超好看啊！,5.0,2013-11-15 23:39:52
猫3586,,演员很棒，特效也很好。唯一不足就是叙事不完善，中间高潮部分过度的不细致。但还是很值得一看的科幻片。,4.0,2013-11-15 23:38:41
醉生梦死,,不错，符合美国式的震撼。,5.0,2013-11-15 22:32:26
肖博娜娜,,剧情还是老样子，只是感觉复联挣钱了，画面投资阔气多了，前半段看的都快睡着了,3.0,2013-11-15 22:29:00
GreatKun,,有点让我失望啊！跟金蝉脱壳一样难熬,3.0,2013-11-15 21:13:53
雪美珊珊,,场面绚丽值得一看,5.0,2013-11-15 20:05:28
MiniV_777,,看过  很好,5.0,2013-11-15 19:48:06
亭亭55334013,,喔亲们恶罗坚持仓储来玩具总动员呵！你是谁的士速递恶魔厂长买工剃秃奖金子夜店内涵洞里外表明明星伙伴我在腌我要飞上青天衙门票子曰不吃完成12,5.0,2013-11-15 18:38:20
诺阿沙,,非常的精彩。美女很美。男子很酷。非常喜欢。3d效果也很好。感觉比中国的好。～～,5.0,2013-11-15 17:25:14
o蔠嚸o,,很好看，非常喜欢max…,4.0,2013-11-15 15:53:22
anqi2528,,还好吧。就是特效有点看点。就是几根不知明的根子拯救了世界。太滑稽了,0.0,2013-11-14 19:39:29
王银辉584,,看imax确实亏了，最牛逼的空战居然才几十秒，！普通3d既可！！,3.5,2013-11-14 19:02:10
假裝.玩承諾,,还行吧，终于能看见洛基改邪归正了，呵呵，好喜欢他，,4.0,2013-11-14 17:09:58
ly无名指的等待,,和他一起看的，挺好的。,5.0,2013-11-14 15:23:09
爱浩宝宝522,,超喜欢雷神！美国大片总是不会让人失望。,5.0,2013-11-14 14:28:12
QfH15391358576,,在电影院看的。感觉没有第一集好看。看到后面都有点想睡觉。我是画面音效，确实不错。剧情，就那么回事，很一般。喜欢的还是值得到电影院看一看。,3.5,2013-11-14 13:20:48
大宝爱上秀,,原本以为会不怎么好看，结果还很不错。,4.5,2013-11-14 13:09:43
VPP461577493,,真的很不错，赞！！！,5.0,2013-11-14 12:48:51
SHUAIEr.,,好好看 一直都很精彩 简直perfect,5.0,2013-11-14 12:27:02
Refine799,,看了imax好看,5.0,2013-11-14 11:34:02
vzO930684119,,超烂，看不懂，浪费钱,1.0,2013-11-14 10:07:47
Minnie,,雷神 洛基 我都中意！！！！！！,5.0,2013-11-14 09:59:52
gino702,,我弟虐我千万遍，我待我弟如初恋…,0.0,2013-11-14 09:07:25
转角遇到爱,,这个和金蝉脱壳哪个好？,3.5,2013-11-14 07:26:30
renoloo,,因为娜塔莉波曼，因为max，因为洛基，所以才去看！发现天线宝宝长大后变成了黑暗精灵，科技比神域还发达，可见幼教很重要！期待《洛基传》，谁要看拿锤子的屠夫！,3.0,2013-11-14 07:19:38
Wtw18082480,,实在是一般般，看一半很想走的,2.5,2013-11-13 12:41:51
Bellini王叉叉,,以前在扬州的时候有人陪我看电影，唉，现在都是一个人去电影院，想找个陪我看电影的人啊！,4.5,2013-11-13 12:20:55
中国人龙哥哥,,没想象中的那么精彩！,0.0,2013-11-13 11:43:06
我不是拉登的说,,画面很震撼  剧情不错,5.0,2013-11-13 11:21:56
寂寞的船,,看了一才能明白，要不剧情太突兀了,4.0,2013-11-13 10:41:08
Radiance0215,,(⊙o⊙)哦阿嗄阿颗粒(⊙o⊙)…拉你是,0.0,2013-11-13 10:37:07
依宝宝511,,老套路了，喜欢洛基。,3.0,2013-11-13 09:38:15
有个女孩叫cici,,为了雷神的腹肌、**、流鼻血了好么、为了小萌（贱）受洛基、好萌的啊、笑死我了都要、必须满分、坐等雷神3、,5.0,2013-11-13 08:57:34
UNO175758206,,场景很震撼。,5.0,2013-11-13 08:28:31
Apj15871573360,,真心不怎么好看,2.5,2013-11-13 07:58:10
小幽Hyojung,,比一好看 但是比不上同期的金蝉脱壳,4.0,2013-11-13 00:40:22
我是钞票你来花_,,看那结尾应该还会有第三部吧！期待呀！,4.5,2013-11-13 00:32:47
超级影迷依依,,感觉还不错，中规中矩，没有特别亮点，无聊的时候去消遣的片子，至少还对的住那个票价，真想狠狠吐槽下国产片，连看国产片的欲望都没有啊,3.5,2013-11-13 00:32:36
Addy_Xu,,劇情還蠻中規中矩的，沒有太大意外，梗都在雷神他弟和各種亂入的Max身上，如果有看破產女孩的朋友推薦看！,4.0,2013-11-12 23:50:34
皮特冬,,已被Loki 迷住…,4.0,2013-11-12 23:40:27
毛毛宝贝佗,,不错，值得一看,5.0,2013-11-12 16:12:46
鸢尾974,,总有些人在不经意间越走越远.一个人看片也是享受,4.5,2013-11-12 16:08:26
Ells.Carmen,,男朋友说还不错,4.5,2013-11-12 16:03:34
yunhao_13,,洛基帅呆了！,4.5,2013-11-12 15:35:09
千钧寅宝,,剧情老套，但队长客串和兄弟联手这两部分还不错。,3.0,2013-11-12 15:25:43
食天天,,好，剧情可以，，为什么很多人看不懂啊？很好理解的啊,4.0,2013-11-12 15:17:53
林家小娜姐,,比金刚狼2好看，也很好笑！打斗，场景都做的很好。,5.0,2013-11-12 15:15:09
Jeff_Peng,,剧情没特别的，三地效果还好。,4.0,2013-11-12 15:08:18
我是大大大大大哥,,真心好片子。和爱人一起深夜首映场，很开心很温暖。。骑着小黄回家好幸福呐。。。,5.0,2013-11-12 14:33:02
Wang_TingYu,,喜欢洛基！为母报仇的可以和哥哥联手~,4.5,2013-11-12 14:12:11
hyin113,,雷神索尓好帅气、洛基后来登上的王位不解？那个结局是预示还有一部么？,5.0,2013-11-12 14:08:33
青青花香520,,落基到底是好人还是坏人？最后个镜头扮国王坐轮椅上是什么情况？求解释～,4.0,2013-11-12 13:51:01
fxK15907714743,,前面睡着了，后面半小时才醒。,2.0,2013-11-12 13:04:51
含恩静,,看过，不是特别好看，前半部分很闷，打斗比较单调，相比超人，钢铁侠要差很多，还是期待霍比特人2吧,4.0,2013-11-12 12:58:51
凤雏,,场面宏大，剧情简单易懂。拍的真心不错。值票价了。,5.0,2013-11-12 11:34:11
麦兜Ep,,比狼叔好看多了，对得起雷神的名号！,5.0,2013-11-11 23:49:30
Naive丹574,,铺垫稍微有点多，高潮部分略显短暂，有点意犹未啊！片子要是时间在长点就更好了，为什么给结局彩蛋剪掉了，广电就是刽子手专门阉割各种电影。不过电影效果没话说，赞一个！大爱洛基，看洛基和雷神有种别样基情啊！,5.0,2013-11-11 23:44:39
莫莫贝巴巴,,很不错 赞一个,4.5,2013-11-11 23:28:29
Mr_kibo,,看了 3D效果不错 ，很不错的商业片了！坐等 三。帝位争霸,4.0,2013-11-11 23:27:00
Freda8,,好喜欢男女主，很棒的电影。,5.0,2013-11-11 23:05:27
虎头是我,,有一个猴子想大闹天宫，被法力无边的雷神打倒压在巨型战舰之下的故事，可惜西王母惨死，其溺爱的二郎神趁机撺夺了帝位，期待下集：玉帝争夺战。,5.0,2013-11-11 23:03:32
鱼儿跑8,,画面还是不错的，但是没看懂啊最后，为什么他爹变成他弟弟了,4.0,2013-11-11 22:56:54
Hi承先生,,很赞，超级好，很给力！但是更喜欢第一步！,4.5,2013-11-11 22:46:36
烈鹞骑士,,此片的一些幽默剧情还是不错的，比第一部好看，结局令这一部片子提高了一个档次，值得一看，坐等第三部。PS：特效不错。,4.5,2013-11-11 22:40:24
从这里就开始,,《雷神2》绝对的漫威超级英雄视效大片，特效以及大场面远超第一部，作为一部爆米花电影，电影已经很不错，仙宫全景、神域空战、伦敦大战视效很棒，锤哥多元世界乱窜，打得很嗨还不忘搞笑！保持漫威影片一贯搞笑传统，雷神负责呆萌、基神负责吐槽，十分抢戏，美国队长超搞笑客串，出场方式绝对想不到,4.0,2013-11-11 22:32:51
分解符,,很好看，可惜附近没有imax影院，看了双机效果也挺不错的！,5.0,2013-11-11 22:28:32
huashiying,,这个四星有很大部分是为了我女神毒舌MAX~虽然只是个女配啦~整个剧感觉一般,4.0,2013-11-11 22:20:21
叶小烨Iris,,超超超好看。Max好帅，洛基也很棒,4.5,2013-11-11 21:47:29
蓝色单肩包,,不错的3d效果！很给力！,5.0,2013-11-11 21:43:54
鋆阳子,,木有意思无聊的剧情,2.0,2013-11-11 20:58:18
土猪宝宝1203,,效果好到爆，太好看了，剧情场面都无懈可击啦,5.0,2013-11-11 11:05:26
JaneWen11,,爱男主角一号爱得一塌糊涂,5.0,2013-11-11 10:56:54
薛薛薛薛小姐,,好看，我喜欢！,4.5,2013-11-11 10:23:29
口袋kdr,,复仇的力量，精彩！,4.0,2013-11-11 09:44:18
崔大轰,,看的IMAX，单纯作为视觉享受还是很不错的，太计较的话有点没必要。,4.5,2013-11-11 08:44:21
最低权限,,人类***逆袭神域黑精灵。神域的画面超唯美真实。,5.0,2013-11-11 08:27:48
葱葱无敌,,今晚和老屌丝一起去看〜,5.0,2013-11-11 08:18:47
黑又亮749,,什么乱遭的，负分**，照金蝉脱壳差远了,0.5,2013-11-11 08:02:52
csl唯爱连,,看了一个小时真不知看什么，结果中途就出来了,3.0,2013-11-11 07:12:25
fyj3344520,,明天和老婆看看,0.0,2013-11-11 02:42:23
llf553,,雷神真酷  期待第三部,5.0,2013-11-11 00:19:44
刘哥,,效果一般般，剧情一般般。看的imas,3.0,2013-11-11 00:10:15
楠小楠的生活,,不错，3D效果很好，个人感觉比金蝉脱壳好看。,5.0,2013-11-11 00:00:47
LB啦啦啦,,还OK啦，但是剧情真的很渣诶，看着过瘾但不知道他故事在讲啥,3.5,2013-11-10 23:54:29
龙年吉祥858,,很好看，还有点小幽默！,5.0,2013-11-10 23:50:43
桐须,,洛基变成美国队长什么的笑屎了,5,2013-11-10 18:42:08
Jacinta19,,很好看，不过是因为大多数的景都是黑暗的，想要看清楚所以看的眼睛很累啊。融入了不少笑点，loki真的是帅呆了，全场的笑点都汇聚到他的身上了。不过结局木有看懂，好疑惑啊，谁能跟我讲讲到底loki有没有死啊？怎么回事儿？,5,2013-11-10 18:26:48
gmz984506325,,今天木有看成，可惜，期待下周！,0,2013-11-10 18:23:38
她在哪yp,,好想看。可惜没有人,5,2013-11-10 18:16:43
蜜呦呦,,很好看！过瘾！哈哈,5,2013-11-10 18:07:26
miki_xg,,不错，就是太黑暗。看得想睡觉,5,2013-11-10 18:07:14
Ray137940,,电影它好看吗？,0,2013-11-10 18:04:34
_qq2t81380951680,,好看！帅！大家快去看吧。,5,2013-11-10 17:40:40
带钳子的小牛哥,,坐等雷神3～啦啦啦～,5,2013-11-10 17:32:24
赵小溪溪溪,,没放彩蛋 两个都没放！！！,5,2013-11-10 17:27:04
不是steven,,超爽！！前提是你要有电影背景，否则你一开始你是看不懂的~~,5,2013-11-10 17:25:10
楚丶爷,,期待明晚去看^ - ^,5,2013-11-10 17:10:41
胖子藏,,好看！  感觉会有第三部,5,2013-11-10 17:04:41
流星闪逝,,超级英雄类的电影，本应该去看IMAX的～不过人在珠海就只能看普通3D了。。。剧情和和想象中的类似啦～主要是有很多笑点，全场笑了很多次～哈哈哈～！有点囧的是，其中悲情的场景没有多少伤感的调调，也许是和主题没太大关系的都被淡化了。。算不上本年度最好看的电影，不过值得一看～最后洛基出现又埋了个伏笔～期待下一部～！,4,2013-11-10 16:53:35
雨中...,,烂的可以。。。。。。,1,2013-11-10 16:43:12
风子570,,就雷神的续集来说，我觉得很完美了，老美的驾驭功力不是盖的~,5.0,2013-11-10 11:12:22
小贝贝猪猪,,首先喜欢雷神，好帅！而且，好温柔的眼神！其次，剧情也可以，3D场面大，我后悔没有去看4D，不知道什么时候才可以遇到这种片有看4D的机会了～这两个星期就这个好看了～之前的金刚狼和金蝉脱壳也好看～美国片都带点幽默，而且到最后环节都会让人紧张啊～我的小心脏,4.5,2013-11-10 10:55:37
_qqd681380337220,,非常好看，有点幽默'特效不错，大气,5.0,2013-11-10 10:47:30
z64777358,,看了2  让我更加喜欢洛基了…  期待3,4.5,2013-11-10 10:36:13
Gladyz,,8号晚上和他看了雷神2，很开心,5.0,2013-11-10 10:21:19
Aanger24,,雷神太man了，简，真的好漂亮，里面的搞笑点很多，3D效果不是很好，场面宏大，壮观，好看，值得一看。。,5.0,2013-11-10 10:01:52
fvh13667698760,,有人看雷雷陌。。。。重庆的走起撒,5.0,2013-11-10 09:42:04
EnotHome,,感觉还行，结尾有点快，莫名其妙boos一下就挂了。3d效果没传说中的那么好,4.5,2013-11-10 07:59:56
MinwooOooo,,喜欢洛基的来顶.！！,4.5,2013-11-10 02:14:55
宝be女神,,哈，首映去看的！支持就对啦！,5.0,2013-11-10 02:14:31
大业龙腾,,IMAX版本，中原万达，依旧是最后一排。故事讲的有点乱，效果制作的非常好，比今年的几个国外片子都好，就是打斗特技时间太短，叙事太多，有笑点。值得一看。结尾有3的伏笔。,4.0,2013-11-10 01:39:45
粮粮粮,,美貌与智慧并重的洛基同志恰如其分地诠释了熊孩子的终极形态。,4.0,2013-11-10 01:34:11
Cob18909303187,,虽然没看，但是还是很期待，算来和我看过电影的女孩也有10来个了可就每一个能成的，哎～继续一个人看电影的享受吧，妹子都是多余的好心情才是最重要的。,4.5,2013-11-10 01:02:09
铁打的张盖盖O_o,,洛基 洛基 极致反派,5.0,2013-11-10 00:56:09
ujt219895862,,除了最后他弟弟留个悬念之外没有什么剧情，空洞的台词，狗血的女主角，完全被忽略了。第一次给一个影片这么差评，第一次在影院看电影想睡觉！本人不是黑，请看过的观众客观评论，不然会误导别人去看烂片的！,2.0,2013-11-10 00:54:57
小麋鹿很迷路,,索尔太man了好吗，复仇者联盟温习起！,5.0,2013-11-09 21:29:36
龅牙小皮条,,蛮好看的啊 酷！,5.0,2013-11-09 20:56:46
zhangxian185,,效果，演员都还是不错的！剧情真的没什么吸引力,3.0,2013-11-09 20:06:12
A追梦人H,,想知道神域的守卫者是不是环太平洋里的将军？,5.0,2013-11-09 19:58:37
站在马桶上,,嗯嗯 真是不错呢 很好的片子 中国啊永远拍不出这样的东西,5.0,2013-11-09 19:42:58
葱油饼的味道,,渐渐的我喜欢外国片了，，国产片为有什么惊喜说是恐怖片，连个鬼都见不着，失望啊,5.0,2013-11-09 19:41:55
chaiyong156,,IMAX3D非常牛叉,5.0,2013-11-09 19:41:09
纯金打造,,喜欢洛基，坏坏的邪恶的，但很有魅力。,4.0,2013-11-09 19:10:54
doublezerdor,,洛基出场时间好短,4.0,2013-11-09 19:05:26
麦卡哇伊,,好看！比第一部好看！兄弟大爱！美队出场时全场骚动了呢！哈哈！期待美队2和联盟2！,4.5,2013-11-09 18:58:27
皮皮,,比一好看！结局很反转,5.0,2013-11-09 18:57:44
张小北,,主要是比第一部好太多，所以额外多加了一星。对背景设置太陌生，好多涉及漫威宇宙的细节让我有点糊涂。,4.0,2013-11-09 18:53:00
小爸爸1983,,喜欢洛基，估计要出洛基传,5.0,2013-11-09 18:43:35
那朵花儿123,,剧情可以吧，3D效果就有点坑了。,4.0,2013-11-09 18:30:57
徊顾依岩,,只看视觉就是很完美的享受，喜欢雷神,5.0,2013-11-09 18:23:38
恋恋风尘水晶,,雷神长得不如他弟弟好看，洛基有点怪怪的样子，更讨女人喜欢。当然了，是情人，当老公还是先要老实孩子。,5.0,2013-11-09 13:20:08
梦里清欢,,洛基害死了王后，后来应该又杀了王。索尔被骗的不要王位了。怎的一家都蠢死了。果然，千万别养别人的儿子。3D效果一般般。,5.0,2013-11-09 13:10:51
小丨飝,,现在不是黑暗世界就是暗黑世界的 简直了 不过第一部还不错 期待吧,4.0,2013-11-09 13:10:36
ele47176554,,洛基最后的出现给雷3起了更多的悬念，期待雷3！！！一如既往的支持雷神,5.0,2013-11-09 12:50:28
珍子961,,刚开始觉得不好看，后面比较精彩。,4.0,2013-11-09 12:37:43
Lulu_Ding,,好看shi了,5.0,2013-11-09 12:37:15
GMc794373126,,攒钱，去看imax,5.0,2013-11-09 12:28:32
_qq7c21345120101,,分数怎怎么越来越低。。。明明是一部很好的片子！,4.5,2013-11-09 12:19:25
lgwy01,,超期待！！！,5.0,2013-11-09 11:30:37
壮叔今年貳拾柒,,给没看的童鞋说几点：1.结尾没彩蛋别等了，2.Thor**死了但是Loki没死别心疼。3.Max依旧延续破产姐妹里的毒蛇形象。别太感谢我了。,4.5,2013-11-09 11:27:39
sherryzhaolulu,,真的很好！喜欢他们兄弟两！,5.0,2013-11-09 11:20:51
weishenshen,,精彩激烈，画面华美！,5.0,2013-11-09 11:13:52
小哥已成仙,,水军力量太强大了！剧情真觉得一般！还是看金蝉脱壳吧！女朋友睡着了！,3.0,2013-11-09 10:51:26
斌依921123,,漫威的忠实粉丝。满分是给洛基的。大爱邪恶一笑的他。就是这部里头镜头太少。早知道他不会轻易死去，果然没让我失望。不错不错，期待我的洛基归来。吼吼～,5.0,2013-11-09 10:34:11
ruth6775,,觉得还好，没有什么意思。看了3D效果还好。,2.0,2013-11-09 10:33:33
海东72,,雷神2，各种经典桥段拼凑而成的续作。片头，'指环王'-九大种族+魔戒之战，然后'特洛伊'-英雄一招秒杀巨人，'环太平洋'-平行世界入口，'超人-'披着红色战袍的男猪脚抱着金发美女满世界乱飞，接下来'王子复仇记'、'星际迷航'-超级星舰撞地球，最后结尾来个'变脸' 狗尾续貂，这级的导演太没创意了。 男配角的伦敦口音倒是很有亲切感。 最后严重鄙视看电影随地打电话还嗷嗷喊的野人们。,3.5,2013-11-08 23:49:10
大侠雷神,,好好看 推荐,5.0,2013-11-08 23:47:02
Cat589,,够开心，喜欢溜溜锤，喜欢鲁基,5.0,2013-11-08 23:41:31
食力哥,,一个字＂劲＂,0.0,2013-11-08 23:36:31
王雷雷儿,,超想像力，赞,5.0,2013-11-08 23:29:28
戳伤小凡,,终于定时间了，期待,5.0,2013-11-08 23:25:08
lengfeiLee,,一定要看！不管你是不是洛基的粉丝，冲着波折且不拖沓的剧情，冲着完美的3D景色也要看！不剧透，最后一个镜头出来时全场哗然,5.0,2013-11-08 23:08:08
百丑,,毫无剧情，无3D震撼效果,1.0,2013-11-08 23:06:12
cxj250631092,,故事情节一般，但是画面太棒了！推荐！,4.0,2013-11-08 23:01:39
JoJotong,,雷神2比1更精彩！还有戏剧效果！,5.0,2013-11-08 22:58:25
远方来的汉子,,说电影垃圾的都**是什么心理，练这都说不好看的人，索性以后别看电影了，还不如回家脱光了对着镜子看自己，肯定会觉得比较好看！,5.0,2013-11-08 22:57:20
ceci3,,很棒，声音画面都不错，拯救世界，不乏笑点与感动,4.5,2013-11-08 22:54:46
零碎的星,,我晕死，没看之前看评论觉得应该还不错，提前两小时从单位溜出来去看，看完后只想说一句水军真强大！真心太难看！！！,0.5,2013-11-08 22:47:10
Toily,,漫威真不知道在拍些什么**，金刚狼坑，雷神也坑，漫威你就这么鸡肋，怎么迎合大众也搞穿越,0.5,2013-11-08 22:44:55
_qqnm21341305755,,好看，精彩，感动,5.0,2013-11-08 22:42:31
Chinese_吒根,,为什么博纳的首映不放彩蛋？妈的没出完字幕,4.0,2013-11-08 17:05:08
iceland133,,"和某人看了海盗一二三，和某人看了钢铁侠12，和某人看了速度5,雷神1，大兵1，如今却没有一个人能陪看到终结……",3.0,2013-11-08 16:52:53
今天也在云养猫,,看完第二部怎么更爱抖森了QAQ,5.0,2013-11-08 16:45:08
左佑先生,,真不错，值得一看！,5.0,2013-11-08 16:35:10
anneinwonderland,,分数飙升啊哈哈哈哈哈,5.0,2013-11-08 16:30:45
梦宝贝2013,,看的IMAX真的不错。洛基演得太好了。感觉剧情太紧凑了，还可以在关键的地方做些延展,0.0,2013-11-08 16:23:59
小花611,,乱打一气、我朋友睡着了,3.5,2013-11-08 15:46:59
楊楊楊小色,,有看过的？真的是国语的？不会吧？,4.0,2013-11-08 15:06:48
HAHAXUYANJUN,,哈哈……太爱了,5.0,2013-11-08 15:02:50
青衫岚舞,,我基甜得都要融化了——！,5.0,2013-11-08 14:42:18
yDB361429744,,好 很棒很不错,5.0,2013-11-08 13:50:43
小曹教授,,下晚班后带了2个朋友去看的，不错，雷神2,5.0,2013-11-08 13:49:00
HDVB54,,不知如何，剧情，3d效果，望各位看过滴评价,5.0,2013-11-08 12:42:00
天之非凡,,还没看呢！期待,0.0,2013-11-08 11:02:59
安仔哥哥哥,,先看雷神一，再看复仇者联盟，然后看雷神二，那么一切都明白了！,5.0,2013-11-08 10:45:03
王妙妙心理学,,终于上映了，锤哥，一会见,5.0,2013-11-07 07:29:44
i威哥,,我超级喜欢看，跟我天天看的玄幻小说一样,5.0,2013-11-07 06:46:36
wing326,,我也好想去看,5.0,2013-11-07 01:05:03
斌•评影天下,,《雷神1》看着不错，《雷神2》值得期待,4.5,2013-11-07 00:05:58
babyforever96,,周五期中考彻底结束了~_~要去看雷神,5.0,2013-11-06 21:40:55
红酒拌饭.,,好像里面有破产姐妹的女主角，期待啊！,5.0,2013-11-06 20:03:47
亚明young,,雷神 第一部就很不错 ，期待这第二部也精彩,5.0,2013-11-06 19:50:17
Poison782,,放行尸走肉，赞,5.0,2013-11-06 18:06:48
wangyun3569621,,第一部印象最深的就是整个剧情，生死一线中对爱情完美的诠释，可能就只有一个眼神，真的能让人瞬间起鸡皮疙瘩，太赞了！,5.0,2013-11-06 17:34:55
厚厚俊秀,,期待啊，就到了:-),5.0,2013-11-06 16:37:42
Moira缪,,等出来了组团去看吧,0.0,2013-11-06 09:10:37
F鲁西西,,没看过也能打分评论？,5.0,2013-11-05 22:44:30
夏目友人账,,不错呢，期待！,4.5,2013-11-05 21:24:12
灿若云锦,,说什么好呢奇怪,0.0,2013-11-05 20:57:31
闪电跳跳龙,,期待中，除了地心引力就是雷神2啦,4.0,2013-11-05 19:34:44
秋在心头,石家庄,为什么以太粒子伤不到女主角？ 为什么神域没有大型重型武器？ 为什么洛基怎么死都死不了啊？ 为什么雷神3里看不到女主角了？,4.0,2018-05-29 21:54:46
晴天大少爷,北京,精彩的雷神漫威超级英雄,3.5,2018-05-27 14:58:19
壹個人de情歌,杭州,比第一部好点。全片精华也就是等洛基出狱后跟锤哥“谈情说爱”那一点让之前显得沉闷的剧情活泼了起来还时不时吐槽复联😑。娜塔莉·波特曼虽然很美可是依然感觉不出她对于这个系列来说有什么用因为分明是兄弟情而非男女情啊...反派boss依然还是毫无逻辑的挂掉白再前面铺垫那么多感觉很屌的样子不过这个系列真的让我爱上了洛基😋,3.0,2018-05-21 14:01:51
攸涕,贵阳,来回的时空闪跃，虽然毫无讲究，但也增添不少视觉的冲击，想要努力洗白洛基，然而却埋下烟雾，与简的人神恋相对比较简单，大多是为推动剧情需要，显得有些薄弱，而且托尔的性格太过单一，从最开始的冲动易怒一下子变成正儿八经地老好人，与其他超级英雄相比缺乏一定的亮点，确实稍逊一筹...,2.5,2018-05-20 14:26:28
羁客,北京,作为雷神系列的第二部，最大的谜团就是结局奥丁的去向，直到第三部时才解开谜团,4.5,2018-05-17 18:27:09
BKBK,咸阳,漫威10周年！ 向漫威宇宙致敬！,4.5,2018-05-12 15:11:07
UkU234082050,杭州,不错，非常好看,5.0,2018-05-08 17:03:31
始无道,昆山,忘记讲述的是什么故事了？,3.5,2018-04-20 17:11:11
Swiftie恒,信宜,以太粒子，好玄乎的名称！,5.0,2018-04-19 23:36:38
恭喜发财119,上海,一般一般般般,3.5,2018-03-27 20:56:27
逗逼男神,上海,视觉效果还算华丽，然而剧情平庸到除了引出以太粒子，还剩下什么？麻辣鸡丝？基情诀别？连女神娜塔莉波特曼都只能靠打两大男神耳光刷存在感！,3.0,2018-03-17 12:17:22
s1203120163,郑州,相比第一部更加玄幻。,4.0,2018-03-15 08:44:34
yl721yl,,电影总体非常不错，场面剧情都很好，也很有笑点，要是时间再长一点，和boss的决战再长一点，就更好了，最后的伏笔埋的很好，第三部来吧,4.5,2018-02-14 20:39:54
Desenlace,信阳,这剧情 物理教授都不看懂😂😂😂,5.0,2018-02-10 02:14:36
清平乐cj,上海,第二部感觉并没有第一部好看，虽然特效全开打斗激烈，甚至连王后都牺牲了感动了很多人包括洛基，但是反派头领貌似除了“以太”这件强大的武器以外就属“毁灭者”最为强大，头领本人并没有太多能量，而且消灭了黑暗精灵断了臂膀就能解除“以太”的魔咒也不甚理解，不过九大行星之间来回穿梭打斗插科倒是也挺逗趣的！,3.5,2018-02-02 10:43:56
hnht2015,绵阳,挺好看的，。，,4.0,2017-11-01 21:08:41
Gjf783346877,张家港,还行。就是有点夸张了。,4.0,2017-10-07 18:02:00
jixuewen,北京,烂七八糟的，就是把一推英雄拼凑挣钱。我不喜欢现代科技和古代神话英雄结合的题材，这样到底说神力好还是说科技好？,2.5,2017-10-05 15:17:33
叮当响,东莞,不算太优秀但值得一看，83分,4.0,2017-10-04 10:45:39
阿焰并没有钱,天津,时隔两年后的雷神2里的服装造型以及特效真的比前一部好太多了，阿斯加德的美景也变得越来越好看了。这部电影引出了无限宝石中的现实宝石，不愧是六颗宝石中最难用的一颗，作用得看到最后面才能懂。每作中的娜塔莉波特曼都是花瓶作用，也难怪人家退出了呢。这部的反派可以说是丑爆了，还是小boss比较帅，前部冰霜巨人虽然也不帅但是寒冰手刀这招酷炫啊，黑暗精灵看着就抽丑。彩蛋则是银河护卫队的，挺让人惊喜。,4.0,2017-09-29 23:49:12
荆棘鸟泥泥,宜昌,可以非常好看,5.0,2017-09-07 13:34:57
mfwic0419,沈阳,我就想问这些反派们之间认识不？,3.5,2017-08-30 22:25:29
chiyan42,北京,雷神妈妈的死，让人很难过，超喜欢洛基这个角色，刻画的很好,4.0,2017-08-24 00:10:36
AK117,北京,开始雷神连续剧,2.5,2017-08-21 12:40:47
小麦飘飘飘,广州,能说主要来看洛基吗😳,4.0,2017-08-09 10:48:17
先輩,北京,北欧神话和宇宙科幻的奇妙结合。精彩程度明显超过前作。,4.0,2017-07-26 01:02:12
RR22228888,深圳,不错不错不兔子,5.0,2017-06-24 23:50:06
lnC212653728,上海,大爱锤哥(ΦωΦ),4.5,2017-06-17 13:50:57
qzuser,荣成,那个反派演技真好,4.5,2017-06-15 20:48:31
小小兔兔兔,贵阳,雷神很帅啊！！！好看,5.0,2017-05-30 22:46:55
sorry616,重庆,喜欢抖森，下部多给镜头吧,4.0,2016-11-13 12:24:20
a44553322,重庆,……在这里等你们哟、一定是因为自己不想去除黑眼圈都不要来个自拍一个人,5.0,2016-11-12 12:29:35
_qq5741383999138,广州,很好，人不多,5.0,2016-10-28 15:12:45
Dicker.T,成都,手握无限宝石的大魔法师被自己的飞船砸死了,3.5,2016-10-22 20:59:33
gqS518343925,徐州,你好我是一个很赞很大程度的时候你,5.0,2016-10-03 16:35:54
aaday0203,重庆,还是不错，期待续集,3.5,2016-09-22 07:41:46
GVG_NP,福州,期待第三部~,5.0,2016-09-16 12:35:06
sjl2151,红河,莫提咯哦哦无聊咯my,4.0,2016-09-10 11:45:08
gjcx886,,老套的剧情。,3.5,2016-09-06 00:01:56
tangjx0817,重庆,你的锤子，让我背的好沉重,4.0,2016-08-23 13:38:50
GEM0816,上海,漫威电影宇宙第二阶段第二部，总第八部,5.0,2016-08-21 14:51:51
布鲁斯·哥超有钱·韦恩,龙岩,最后洛基的那一幕占领阿斯加德………………天呐真的是诸神的黄昏剧情的彩蛋！！！期待雷神第三部,4.5,2016-08-17 15:23:32
zjl1540,长沙,好看，很喜欢，没让我失望,4.5,2016-08-16 18:27:03
songjbo,重庆,不错哦，值得一看,4.5,2016-08-16 08:01:48
海风吹小强哥,北京,漫威出品，必是精品,5.0,2016-08-05 16:37:41
六弔花,天津,超级英雄片一步也不能错过,5.0,2016-05-31 17:17:06
DreamGirLBeal_鉋,东莞,來說也不能把柄⋯⋯,5.0,2016-05-30 23:17:53
阿fur,北京,还是依然精彩！,5.0,2016-05-29 23:50:07
lz龙文章,淄博,把漫威穿起来了,4.0,2016-05-29 10:16:49
温柔的季先生,郑州,棒棒哒，超爱这个系列,5.0,2016-05-26 16:09:10
在希望的田野,,霸气逗比的铁锤哥,4.5,2016-05-24 18:16:49
郑君,,漫威世界无可抵挡,5.0,2016-05-22 21:49:53
XxoO煒爺,深圳,不记得到底咋回事了。不过当时记得好看！,5.0,2016-05-21 13:34:34
SingleStrong,镇江,好看，三维效果很好！,4.5,2016-05-21 13:31:32
公民吴小普,,《雷神2：黑暗世界》：从个人的角度而言，不太喜欢锤哥的风格，但全片在视效上可谓是亮瞎双眼。在洛基被作为战犯送回神域后，可谓是生活发生了巨大的变化，锤哥也在地球找回了女友。而锤哥和洛基的感情（ji qing）线也是最大的看点。  综合评分：8.1分,4.0,2016-05-19 18:33:41
斌少__1985,恩施,很不错。 还是比较喜欢,4.0,2016-05-19 13:47:55
朱寿龙,无锡,超喜欢的电影,5.0,2016-05-19 08:40:56
qEv102150830,杭州,不要错过！！！,4.5,2016-05-18 18:48:16
大鸟,,洛基就是会忽悠,5.0,2016-05-16 00:01:06
星辰sama,成都,炒鸡好看。。。。。,5.0,2016-05-15 12:23:30
